,PassengerId,Survived,Pclass,Name,Sex,Age,SibSp,Parch,Ticket,Fare,Embarked,Title,AgeBin_5,FareBin_5,AgeBin_Code_5,FareBin_Code_5,FamilySize,Alone,Title_Code,Surname,TixPref,SurTix,IsFamily
1,2,1.0,1,"Cumings, Mrs. John Bradley (Florence Briggs Thayer)",1,38.0,1,0,PC 17599,71.2833,1,Mrs,"(30.0, 38.0]","(39.688, 263.0]",3,4,2,0,1,Cumings,PC 17599,CumingsPC 17599,1
3,4,1.0,1,"Futrelle, Mrs. Jacques Heath (Lily May Peel)",1,35.0,1,0,113803,53.1000,0,Mrs,"(30.0, 38.0]","(39.688, 263.0]",3,4,2,0,1,Futrelle,113803,Futrelle113803,1
7,8,0.0,3,"Palsson, Master. Gosta Leonard",0,2.0,3,1,349909,21.0750,0,Master,"(0.419, 20.0]","(10.5, 21.679]",0,2,5,0,2,Palsson,349909,Palsson349909,1
8,9,1.0,3,"Johnson, Mrs. Oscar W (Elisabeth Vilhelmina Berg)",1,27.0,0,2,347742,11.1333,0,Mrs,"(20.0, 27.0]","(10.5, 21.679]",1,2,3,0,1,Johnson,347742,Johnson347742,1
9,10,1.0,2,"Nasser, Mrs. Nicholas (Adele Achem)",1,14.0,1,0,237736,30.0708,1,Mrs,"(0.419, 20.0]","(21.679, 39.688]",0,3,2,0,1,Nasser,237736,Nasser237736,1
10,11,1.0,3,"Sandstrom, Miss. Marguerite Rut",1,4.0,1,1,PP 9549,16.7000,0,Mrs,"(0.419, 20.0]","(10.5, 21.679]",0,2,3,0,1,Sandstrom,PP 9549,SandstromPP 9549,1
13,14,0.0,3,"Andersson, Mr. Anders Johan",0,39.0,1,5,347082,31.2750,0,Mr,"(38.0, 80.0]","(21.679, 39.688]",4,3,7,0,0,Andersson,347082,Andersson347082,1
16,17,0.0,3,"Rice, Master. Eugene",0,2.0,4,1,382652,29.1250,2,Master,"(0.419, 20.0]","(21.679, 39.688]",0,3,6,0,2,Rice,382652,Rice382652,1
18,19,0.0,3,"Vander Planke, Mrs. Julius (Emelia Maria Vandemoortele)",1,31.0,1,0,345763,18.0000,0,Mrs,"(30.0, 38.0]","(10.5, 21.679]",3,2,2,0,1,Planke,345763,Planke345763,1
24,25,0.0,3,"Palsson, Miss. Torborg Danira",1,8.0,3,1,349909,21.0750,0,Mrs,"(0.419, 20.0]","(10.5, 21.679]",0,2,5,0,1,Palsson,349909,Palsson349909,1
25,26,1.0,3,"Asplund, Mrs. Carl Oscar (Selma Augusta Emilia Johansson)",1,38.0,1,5,347077,31.3875,0,Mrs,"(30.0, 38.0]","(21.679, 39.688]",3,3,7,0,1,Asplund,347077,Asplund347077,1
27,28,0.0,1,"Fortune, Mr. Charles Alexander",0,19.0,3,2,19950,263.0000,0,Mr,"(0.419, 20.0]","(39.688, 263.0]",0,4,6,0,0,Fortune,19950,Fortune19950,1
31,32,1.0,1,"Spencer, Mrs. William Augustus (Marie Eugenie)",1,27.0,1,0,PC 17569,146.5208,1,Mrs,"(20.0, 27.0]","(39.688, 263.0]",1,4,2,0,1,Spencer,PC 17569,SpencerPC 17569,1
34,35,0.0,1,"Meyer, Mr. Edgar Joseph",0,28.0,1,0,PC 17604,82.1708,1,Mr,"(27.0, 30.0]","(39.688, 263.0]",2,4,2,0,0,Meyer,PC 17604,MeyerPC 17604,1
35,36,0.0,1,"Holverson, Mr. Alexander Oskar",0,42.0,1,0,113789,52.0000,0,Mr,"(38.0, 80.0]","(39.688, 263.0]",4,4,2,0,0,Holverson,113789,Holverson113789,1
38,39,0.0,3,"Vander Planke, Miss. Augusta Maria",1,18.0,2,0,345764,18.0000,0,Mrs,"(0.419, 20.0]","(10.5, 21.679]",0,2,3,0,1,Planke,345764,Planke345764,1
39,40,1.0,3,"Nicola-Yarred, Miss. Jamila",1,14.0,1,0,2651,11.2417,1,Mrs,"(0.419, 20.0]","(10.5, 21.679]",0,2,2,0,1,Yarred,2651,Yarred2651,1
41,42,0.0,2,"Turpin, Mrs. William John Robert (Dorothy Ann Wonnacott)",1,27.0,1,0,11668,21.0000,0,Mrs,"(20.0, 27.0]","(10.5, 21.679]",1,2,2,0,1,Turpin,11668,Turpin11668,1
43,44,1.0,2,"Laroche, Miss. Simonne Marie Anne Andree",1,3.0,1,2,SC/Paris 2123,41.5792,1,Mrs,"(0.419, 20.0]","(39.688, 263.0]",0,4,4,0,1,Laroche,SC/Paris 2123,LarocheSC/Paris 2123,1
46,47,0.0,3,"Lennon, Mr. Denis",0,30.0,1,0,370371,15.5000,2,Mr,"(27.0, 30.0]","(10.5, 21.679]",2,2,2,0,0,Lennon,370371,Lennon370371,1
48,49,0.0,3,"Samaan, Mr. Youssef",0,30.00,2,0,2662,21.6792,1,Mr,"(27.0, 30.0]","(10.5, 21.679]",2,2,3,0,0,Samaan,2662,Samaan2662,1
49,50,0.0,3,"Arnold-Franchi, Mrs. Josef (Josefine Franchi)",1,18.00,1,0,349237,17.8000,0,Mrs,"(0.419, 20.0]","(10.5, 21.679]",0,2,2,0,1,Franchi,349237,Franchi349237,1
50,51,0.0,3,"Panula, Master. Juha Niilo",0,7.00,4,1,3101295,39.6875,0,Master,"(0.419, 20.0]","(21.679, 39.688]",0,3,6,0,2,Panula,3101295,Panula3101295,1
52,53,1.0,1,"Harper, Mrs. Henry Sleeper (Myna Haxtun)",1,49.00,1,0,PC 17572,76.7292,1,Mrs,"(38.0, 80.0]","(39.688, 263.0]",4,4,2,0,1,Harper,PC 17572,HarperPC 17572,1
53,54,1.0,2,"Faunthorpe, Mrs. Lizzie (Elizabeth Anne Wilkinson)",1,29.00,1,0,2926,26.0000,0,Mrs,"(27.0, 30.0]","(21.679, 39.688]",2,3,2,0,1,Faunthorpe,2926,Faunthorpe2926,1
54,55,0.0,1,"Ostby, Mr. Engelhart Cornelius",0,65.00,0,1,113509,61.9792,1,Mr,"(38.0, 80.0]","(39.688, 263.0]",4,4,2,0,0,Ostby,113509,Ostby113509,1
58,59,1.0,2,"West, Miss. Constance Mirium",1,5.00,1,2,C.A. 34651,27.7500,0,Mrs,"(0.419, 20.0]","(21.679, 39.688]",0,3,4,0,1,West,C.A. 34651,WestC.A. 34651,1
59,60,0.0,3,"Goodwin, Master. William Frederick",0,11.00,5,2,CA 2144,46.9000,0,Master,"(0.419, 20.0]","(39.688, 263.0]",0,4,8,0,2,Goodwin,CA 2144,GoodwinCA 2144,1
62,63,0.0,1,"Harris, Mr. Henry Birkhardt",0,45.00,1,0,36973,83.4750,0,Mr,"(38.0, 80.0]","(39.688, 263.0]",4,4,2,0,0,Harris,36973,Harris36973,1
63,64,0.0,3,"Skoog, Master. Harald",0,4.00,3,2,347088,27.9000,0,Master,"(0.419, 20.0]","(21.679, 39.688]",0,3,6,0,2,Skoog,347088,Skoog347088,1
65,66,1.0,3,"Moubarek, Master. Gerios",0,3.50,1,1,2661,15.2458,1,Master,"(0.419, 20.0]","(10.5, 21.679]",0,2,3,0,2,Moubarek,2661,Moubarek2661,1
71,72,0.0,3,"Goodwin, Miss. Lillian Amy",1,16.00,5,2,CA 2144,46.9000,0,Mrs,"(0.419, 20.0]","(39.688, 263.0]",0,4,8,0,1,Goodwin,CA 2144,GoodwinCA 2144,1
73,74,0.0,3,"Chronopoulos, Mr. Apostolos",0,26.00,1,0,2680,14.4542,1,Mr,"(20.0, 27.0]","(10.5, 21.679]",1,2,2,0,0,Chronopoulos,2680,Chronopoulos2680,1
78,79,1.0,2,"Caldwell, Master. Alden Gates",0,0.83,0,2,248738,29.0000,0,Master,"(0.419, 20.0]","(21.679, 39.688]",0,3,3,0,2,Caldwell,248738,Caldwell248738,1
83,84,0.0,1,"Carrau, Mr. Francisco M",0,28.00,0,0,113059,47.1000,0,Mr,"(27.0, 30.0]","(39.688, 263.0]",2,4,1,1,0,Carrau,113059,Carrau113059,1
85,86,1.0,3,"Backstrom, Mrs. Karl Alfred (Maria Mathilda Gustafsson)",1,33.00,3,0,3101278,15.8500,0,Mrs,"(30.0, 38.0]","(10.5, 21.679]",3,2,4,0,1,Backstrom,3101278,Backstrom3101278,1
86,87,0.0,3,"Ford, Mr. William Neal",0,16.00,1,3,W./C. 6608,34.3750,0,Mr,"(0.419, 20.0]","(21.679, 39.688]",0,3,5,0,0,Ford,W./C. 6608,FordW./C. 6608,1
88,89,1.0,1,"Fortune, Miss. Mabel Helen",1,23.00,3,2,19950,263.0000,0,Mrs,"(20.0, 27.0]","(39.688, 263.0]",1,4,6,0,1,Fortune,19950,Fortune19950,1
92,93,0.0,1,"Chaffee, Mr. Herbert Fuller",0,46.00,1,0,W.E.P. 5734,61.1750,0,Mr,"(38.0, 80.0]","(39.688, 263.0]",4,4,2,0,0,Chaffee,W.E.P. 5734,ChaffeeW.E.P. 5734,1
93,94,0.0,3,"Dean, Mr. Bertram Frank",0,26.00,1,2,C.A. 2315,20.5750,0,Mr,"(20.0, 27.0]","(10.5, 21.679]",1,2,4,0,0,Dean,C.A. 2315,DeanC.A. 2315,1
97,98,1.0,1,"Greenfield, Mr. William Bertram",0,23.0,0,1,PC 17759,63.3583,1,Mr,"(20.0, 27.0]","(39.688, 263.0]",1,4,2,0,0,Greenfield,PC 17759,GreenfieldPC 17759,1
98,99,1.0,2,"Doling, Mrs. John T (Ada Julia Bone)",1,34.0,0,1,231919,23.0000,0,Mrs,"(30.0, 38.0]","(21.679, 39.688]",3,3,2,0,1,Doling,231919,Doling231919,1
99,100,0.0,2,"Kantor, Mr. Sinai",0,34.0,1,0,244367,26.0000,0,Mr,"(30.0, 38.0]","(21.679, 39.688]",3,3,2,0,0,Kantor,244367,Kantor244367,1
102,103,0.0,1,"White, Mr. Richard Frasar",0,21.0,0,1,35281,77.2875,0,Mr,"(20.0, 27.0]","(39.688, 263.0]",1,4,2,0,0,White,35281,White35281,1
109,110,1.0,3,"Moran, Miss. Bertha",1,27.0,1,0,371110,24.1500,2,Mrs,"(20.0, 27.0]","(21.679, 39.688]",1,3,2,0,1,Moran,371110,Moran371110,1
111,112,0.0,3,"Zabour, Miss. Hileni",1,14.5,1,0,2665,14.4542,1,Mrs,"(0.419, 20.0]","(10.5, 21.679]",0,2,2,0,1,Zabour,2665,Zabour2665,1
117,118,0.0,2,"Turpin, Mr. William John Robert",0,29.0,1,0,11668,21.0000,0,Mr,"(27.0, 30.0]","(10.5, 21.679]",2,2,2,0,0,Turpin,11668,Turpin11668,1
118,119,0.0,1,"Baxter, Mr. Quigg Edmond",0,24.0,0,1,PC 17558,247.5208,1,Mr,"(20.0, 27.0]","(39.688, 263.0]",1,4,2,0,0,Baxter,PC 17558,BaxterPC 17558,1
119,120,0.0,3,"Andersson, Miss. Ellis Anna Maria",1,2.0,4,2,347082,31.2750,0,Mrs,"(0.419, 20.0]","(21.679, 39.688]",0,3,7,0,1,Andersson,347082,Andersson347082,1
120,121,0.0,2,"Hickman, Mr. Stanley George",0,21.0,2,0,S.O.C. 14879,73.5000,0,Mr,"(20.0, 27.0]","(39.688, 263.0]",1,4,3,0,0,Hickman,S.O.C. 14879,HickmanS.O.C. 14879,1
122,123,0.0,2,"Nasser, Mr. Nicholas",0,32.5,1,0,237736,30.0708,1,Mr,"(30.0, 38.0]","(21.679, 39.688]",3,3,2,0,0,Nasser,237736,Nasser237736,1
124,125,0.0,1,"White, Mr. Percival Wayland",0,54.0,0,1,35281,77.2875,0,Mr,"(38.0, 80.0]","(39.688, 263.0]",4,4,2,0,0,White,35281,White35281,1
125,126,1.0,3,"Nicola-Yarred, Master. Elias",0,12.0,1,0,2651,11.2417,1,Master,"(0.419, 20.0]","(10.5, 21.679]",0,2,2,0,2,Yarred,2651,Yarred2651,1
128,129,1.0,3,"Peter, Miss. Anna",1,27.0,1,1,2668,22.3583,1,Mrs,"(20.0, 27.0]","(21.679, 39.688]",1,3,3,0,1,Peter,2668,Peter2668,1
132,133,0.0,3,"Robins, Mrs. Alexander A (Grace Charity Laury)",1,47.0,1,0,A/5. 3337,14.5000,0,Mrs,"(38.0, 80.0]","(10.5, 21.679]",4,2,2,0,1,Robins,A/5. 3337,RobinsA/5. 3337,1
133,134,1.0,2,"Weisz, Mrs. Leopold (Mathilde Francoise Pede)",1,29.0,1,0,228414,26.0000,0,Mrs,"(27.0, 30.0]","(21.679, 39.688]",2,3,2,0,1,Weisz,228414,Weisz228414,1
137,138,0.0,1,"Futrelle, Mr. Jacques Heath",0,37.0,1,0,113803,53.1000,0,Mr,"(30.0, 38.0]","(39.688, 263.0]",3,4,2,0,0,Futrelle,113803,Futrelle113803,1
140,141,0.0,3,"Boulos, Mrs. Joseph (Sultana)",1,27.0,0,2,2678,15.2458,1,Mrs,"(20.0, 27.0]","(10.5, 21.679]",1,2,3,0,1,Boulos,2678,Boulos2678,1
142,143,1.0,3,"Hakkarainen, Mrs. Pekka Pietari (Elin Matilda Dolck)",1,24.0,1,0,STON/O2. 3101279,15.8500,0,Mrs,"(20.0, 27.0]","(10.5, 21.679]",1,2,2,0,1,Hakkarainen,STON/O2. 3101279,HakkarainenSTON/O2. 3101279,1
147,148,0.0,3,"Ford, Miss. Robina Maggie \"Ruby\"",1,9.0,2,2,W./C. 6608,34.3750,0,Mrs,"(0.419, 20.0]","(21.679, 39.688]",0,3,5,0,1,Ford,W./C. 6608,FordW./C. 6608,1
148,149,0.0,2,"Navratil, Mr. Michel (\"Louis M Hoffman\")",0,36.5,0,2,230080,26.0000,0,Mr,"(30.0, 38.0]","(21.679, 39.688]",3,3,3,0,0,Navratil,230080,Navratil230080,1
151,152,1.0,1,"Pears, Mrs. Thomas (Edith Wearne)",1,22.0,1,0,113776,66.6000,0,Mrs,"(20.0, 27.0]","(39.688, 263.0]",1,4,2,0,1,Pears,113776,Pears113776,1
153,154,0.0,3,"van Billiard, Mr. Austin Blyler",0,40.5,0,2,A/5. 851,14.5000,0,Mr,"(38.0, 80.0]","(10.5, 21.679]",4,2,3,0,0,Billiard,A/5. 851,BilliardA/5. 851,1
155,156,0.0,1,"Williams, Mr. Charles Duane",0,51.0,0,1,PC 17597,61.3792,1,Mr,"(38.0, 80.0]","(39.688, 263.0]",4,4,2,0,0,Williams,PC 17597,WilliamsPC 17597,1
159,160,0.0,3,"Sage, Master. Thomas Henry",0,3.5,8,2,CA. 2343,69.5500,0,Master,"(0.419, 20.0]","(39.688, 263.0]",0,4,11,0,2,Sage,CA. 2343,SageCA. 2343,1
160,161,0.0,3,"Cribb, Mr. John Hatfield",0,44.0,0,1,371362,16.1000,0,Mr,"(38.0, 80.0]","(10.5, 21.679]",4,2,2,0,0,Cribb,371362,Cribb371362,1
161,162,1.0,2,"Watt, Mrs. James (Elizabeth \"Bessie\" Inglis Milne)",1,40.0,0,0,C.A. 33595,15.7500,0,Mrs,"(38.0, 80.0]","(10.5, 21.679]",4,2,1,1,1,Watt,C.A. 33595,WattC.A. 33595,1
164,165,0.0,3,"Panula, Master. Eino Viljami",0,1.0,4,1,3101295,39.6875,0,Master,"(0.419, 20.0]","(21.679, 39.688]",0,3,6,0,2,Panula,3101295,Panula3101295,1
165,166,1.0,3,"Goldsmith, Master. Frank John William \"Frankie\"",0,9.0,0,2,363291,20.5250,0,Master,"(0.419, 20.0]","(10.5, 21.679]",0,2,3,0,2,Goldsmith,363291,Goldsmith363291,1
167,168,0.0,3,"Skoog, Mrs. William (Anna Bernhardina Karlsson)",1,45.0,1,4,347088,27.9000,0,Mrs,"(38.0, 80.0]","(21.679, 39.688]",4,3,6,0,1,Skoog,347088,Skoog347088,1
171,172,0.0,3,"Rice, Master. Arthur",0,4.0,4,1,382652,29.1250,2,Master,"(0.419, 20.0]","(21.679, 39.688]",0,3,6,0,2,Rice,382652,Rice382652,1
172,173,1.0,3,"Johnson, Miss. Eleanor Ileen",1,1.0,1,1,347742,11.1333,0,Mrs,"(0.419, 20.0]","(10.5, 21.679]",0,2,3,0,1,Johnson,347742,Johnson347742,1
176,177,0.0,3,"Lefebre, Master. Henry Forbes",0,3.5,3,1,4133,25.4667,0,Master,"(0.419, 20.0]","(21.679, 39.688]",0,3,5,0,2,Lefebre,4133,Lefebre4133,1
179,180,0.0,3,"Leonard, Mr. Lionel",0,36.0,0,0,LINE,0.0000,0,Mr,"(30.0, 38.0]","(-0.001, 7.854]",3,0,1,1,0,Leonard,,,1
180,181,0.0,3,"Sage, Miss. Constance Gladys",1,27.0,8,2,CA. 2343,69.5500,0,Mrs,"(20.0, 27.0]","(39.688, 263.0]",1,4,11,0,1,Sage,CA. 2343,SageCA. 2343,1
182,183,0.0,3,"Asplund, Master. Clarence Gustaf Hugo",0,9.0,4,2,347077,31.3875,0,Master,"(0.419, 20.0]","(21.679, 39.688]",0,3,7,0,2,Asplund,347077,Asplund347077,1
183,184,1.0,2,"Becker, Master. Richard F",0,1.0,2,1,230136,39.0000,0,Master,"(0.419, 20.0]","(21.679, 39.688]",0,3,4,0,2,Becker,230136,Becker230136,1
184,185,1.0,3,"Kink-Heilmann, Miss. Luise Gretchen",1,4.0,0,2,315153,22.0250,0,Mrs,"(0.419, 20.0]","(21.679, 39.688]",0,3,3,0,1,Heilmann,315153,Heilmann315153,1
186,187,1.0,3,"O'Brien, Mrs. Thomas (Johanna \"Hannah\" Godfrey)",1,27.0,1,0,370365,15.5000,2,Mrs,"(20.0, 27.0]","(10.5, 21.679]",1,2,2,0,1,Brien,370365,Brien370365,1
188,189,0.0,3,"Bourke, Mr. John",0,40.0,1,1,364849,15.5000,2,Mr,"(38.0, 80.0]","(10.5, 21.679]",4,2,3,0,0,Bourke,364849,Bourke364849,1
193,194,1.0,2,"Navratil, Master. Michel M",0,3.0,1,1,230080,26.0000,0,Master,"(0.419, 20.0]","(21.679, 39.688]",0,3,3,0,2,Navratil,230080,Navratil230080,1
201,202,0.0,3,"Sage, Mr. Frederick",0,30.0,8,2,CA. 2343,69.5500,0,Mr,"(27.0, 30.0]","(39.688, 263.0]",2,4,11,0,0,Sage,CA. 2343,SageCA. 2343,1
205,206,0.0,3,"Strom, Miss. Telma Matilda",1,2.0,0,1,347054,10.4625,0,Mrs,"(0.419, 20.0]","(7.854, 10.5]",0,1,2,0,1,Strom,347054,Strom347054,1
206,207,0.0,3,"Backstrom, Mr. Karl Alfred",0,32.0,1,0,3101278,15.8500,0,Mr,"(30.0, 38.0]","(10.5, 21.679]",3,2,2,0,0,Backstrom,3101278,Backstrom3101278,1
215,216,1.0,1,"Newell, Miss. Madeleine",1,31.0,1,0,35273,113.2750,1,Mrs,"(30.0, 38.0]","(39.688, 263.0]",3,4,2,0,1,Newell,35273,Newell35273,1
217,218,0.0,2,"Jacobsohn, Mr. Sidney Samuel",0,42.0,1,0,243847,27.0000,0,Mr,"(38.0, 80.0]","(21.679, 39.688]",4,3,2,0,0,Jacobsohn,243847,Jacobsohn243847,1
224,225,1.0,1,"Hoyt, Mr. Frederick Maxfield",0,38.0,1,0,19943,90.0000,0,Mr,"(30.0, 38.0]","(39.688, 263.0]",3,4,2,0,0,Hoyt,19943,Hoyt19943,1
229,230,0.0,3,"Lefebre, Miss. Mathilde",1,27.0,3,1,4133,25.4667,0,Mrs,"(20.0, 27.0]","(21.679, 39.688]",1,3,5,0,1,Lefebre,4133,Lefebre4133,1
230,231,1.0,1,"Harris, Mrs. Henry Birkhardt (Irene Wallach)",1,35.0,1,0,36973,83.4750,0,Mrs,"(30.0, 38.0]","(39.688, 263.0]",3,4,2,0,1,Harris,36973,Harris36973,1
233,234,1.0,3,"Asplund, Miss. Lillian Gertrud",1,5.0,4,2,347077,31.3875,0,Mrs,"(0.419, 20.0]","(21.679, 39.688]",0,3,7,0,1,Asplund,347077,Asplund347077,1
236,237,0.0,2,"Hold, Mr. Stephen",0,44.0,1,0,26707,26.0000,0,Mr,"(38.0, 80.0]","(21.679, 39.688]",4,3,2,0,0,Hold,26707,Hold26707,1
237,238,1.0,2,"Collyer, Miss. Marjorie \"Lottie\"",1,8.0,0,2,C.A. 31921,26.2500,0,Mrs,"(0.419, 20.0]","(21.679, 39.688]",0,3,3,0,1,Collyer,C.A. 31921,CollyerC.A. 31921,1
240,241,0.0,3,"Zabour, Miss. Thamine",1,27.0,1,0,2665,14.4542,1,Mrs,"(20.0, 27.0]","(10.5, 21.679]",1,2,2,0,1,Zabour,2665,Zabour2665,1
241,242,1.0,3,"Murphy, Miss. Katherine \"Kate\"",1,27.0,1,0,367230,15.5000,2,Mrs,"(20.0, 27.0]","(10.5, 21.679]",1,2,2,0,1,Murphy,367230,Murphy367230,1
245,246,0.0,1,"Minahan, Dr. William Edward",0,44.0,2,0,19928,90.0000,2,Others,"(38.0, 80.0]","(39.688, 263.0]",4,4,3,0,3,Minahan,19928,Minahan19928,1
247,248,1.0,2,"Hamalainen, Mrs. William (Anna)",1,24.0,0,2,250649,14.5000,0,Mrs,"(20.0, 27.0]","(10.5, 21.679]",1,2,3,0,1,Hamalainen,250649,Hamalainen250649,1
248,249,1.0,1,"Beckwith, Mr. Richard Leonard",0,37.0,1,1,11751,52.5542,0,Mr,"(30.0, 38.0]","(39.688, 263.0]",3,4,3,0,0,Beckwith,11751,Beckwith11751,1
249,250,0.0,2,"Carter, Rev. Ernest Courtenay",0,54.0,1,0,244252,26.0000,0,Mr,"(38.0, 80.0]","(21.679, 39.688]",4,3,2,0,0,Carter,244252,Carter244252,1
251,252,0.0,3,"Strom, Mrs. Wilhelm (Elna Matilda Persson)",1,29.0,1,1,347054,10.4625,0,Mrs,"(27.0, 30.0]","(7.854, 10.5]",2,1,3,0,1,Strom,347054,Strom347054,1
253,254,0.0,3,"Lobb, Mr. William Arthur",0,30.0,1,0,A/5. 3336,16.1000,0,Mr,"(27.0, 30.0]","(10.5, 21.679]",2,2,2,0,0,Lobb,A/5. 3336,LobbA/5. 3336,1
254,255,0.0,3,"Rosblom, Mrs. Viktor (Helena Wilhelmina)",1,41.00,0,2,370129,20.2125,0,Mrs,"(38.0, 80.0]","(10.5, 21.679]",4,2,3,0,1,Rosblom,370129,Rosblom370129,1
255,256,1.0,3,"Touma, Mrs. Darwis (Hanne Youssef Razi)",1,29.00,0,2,2650,15.2458,1,Mrs,"(27.0, 30.0]","(10.5, 21.679]",2,2,3,0,1,Touma,2650,Touma2650,1
261,262,1.0,3,"Asplund, Master. Edvin Rojj Felix",0,3.00,4,2,347077,31.3875,0,Master,"(0.419, 20.0]","(21.679, 39.688]",0,3,7,0,2,Asplund,347077,Asplund347077,1
262,263,0.0,1,"Taussig, Mr. Emil",0,52.00,1,1,110413,79.6500,0,Mr,"(38.0, 80.0]","(39.688, 263.0]",4,4,3,0,0,Taussig,110413,Taussig110413,1
266,267,0.0,3,"Panula, Mr. Ernesti Arvid",0,16.00,4,1,3101295,39.6875,0,Mr,"(0.419, 20.0]","(21.679, 39.688]",0,3,6,0,0,Panula,3101295,Panula3101295,1
268,269,1.0,1,"Graham, Mrs. William Thompson (Edith Junkins)",1,58.00,0,1,PC 17582,153.4625,0,Mrs,"(38.0, 80.0]","(39.688, 263.0]",4,4,2,0,1,Graham,PC 17582,GrahamPC 17582,1
271,272,1.0,3,"Tornquist, Mr. William Henry",0,25.00,0,0,LINE,0.0000,0,Mr,"(20.0, 27.0]","(-0.001, 7.854]",1,0,1,1,0,Tornquist,,,1
272,273,1.0,2,"Mellinger, Mrs. (Elizabeth Anne Maidment)",1,41.00,0,1,250644,19.5000,0,Mrs,"(38.0, 80.0]","(10.5, 21.679]",4,2,2,0,1,Mellinger,250644,Mellinger250644,1
278,279,0.0,3,"Rice, Master. Eric",0,7.00,4,1,382652,29.1250,2,Master,"(0.419, 20.0]","(21.679, 39.688]",0,3,6,0,2,Rice,382652,Rice382652,1
279,280,1.0,3,"Abbott, Mrs. Stanton (Rosa Hunt)",1,35.00,1,1,C.A. 2673,20.2500,0,Mrs,"(30.0, 38.0]","(10.5, 21.679]",3,2,3,0,1,Abbott,C.A. 2673,AbbottC.A. 2673,1
291,292,1.0,1,"Bishop, Mrs. Dickinson H (Helen Walton)",1,19.00,1,0,11967,91.0792,1,Mrs,"(0.419, 20.0]","(39.688, 263.0]",0,4,2,0,1,Bishop,11967,Bishop11967,1
297,298,0.0,1,"Allison, Miss. Helen Loraine",1,2.00,1,2,113781,151.5500,0,Mrs,"(0.419, 20.0]","(39.688, 263.0]",0,4,4,0,1,Allison,113781,Allison113781,1
299,300,1.0,1,"Baxter, Mrs. James (Helene DeLaudeniere Chaput)",1,50.00,0,1,PC 17558,247.5208,1,Mrs,"(38.0, 80.0]","(39.688, 263.0]",4,4,2,0,1,Baxter,PC 17558,BaxterPC 17558,1
301,302,1.0,3,"McCoy, Mr. Bernard",0,30.00,2,0,367226,23.2500,2,Mr,"(27.0, 30.0]","(21.679, 39.688]",2,3,3,0,0,McCoy,367226,McCoy367226,1
302,303,0.0,3,"Johnson, Mr. William Cahoone Jr",0,19.00,0,0,LINE,0.0000,0,Mr,"(0.419, 20.0]","(-0.001, 7.854]",0,0,1,1,0,Johnson,,,1
305,306,1.0,1,"Allison, Master. Hudson Trevor",0,0.92,1,2,113781,151.5500,0,Master,"(0.419, 20.0]","(39.688, 263.0]",0,4,4,0,2,Allison,113781,Allison113781,1
307,308,1.0,1,"Penasco y Castellana, Mrs. Victor de Satode (Maria Josefa Perez de Soto y Vallejo)",1,17.00,1,0,PC 17758,108.9000,1,Mrs,"(0.419, 20.0]","(39.688, 263.0]",0,4,2,0,1,Castellana,PC 17758,CastellanaPC 17758,1
308,309,0.0,2,"Abelson, Mr. Samuel",0,30.00,1,0,P/PP 3381,24.0000,1,Mr,"(27.0, 30.0]","(21.679, 39.688]",2,3,2,0,0,Abelson,P/PP 3381,AbelsonP/PP 3381,1
311,312,1.0,1,"Ryerson, Miss. Emily Borie",1,18.00,2,2,PC 17608,262.3750,1,Mrs,"(0.419, 20.0]","(39.688, 263.0]",0,4,5,0,1,Ryerson,PC 17608,RyersonPC 17608,1
312,313,0.0,2,"Lahtinen, Mrs. William (Anna Sylfven)",1,26.00,1,1,250651,26.0000,0,Mrs,"(20.0, 27.0]","(21.679, 39.688]",1,3,3,0,1,Lahtinen,250651,Lahtinen250651,1
314,315,0.0,2,"Hart, Mr. Benjamin",0,43.0,1,1,F.C.C. 13529,26.2500,0,Mr,"(38.0, 80.0]","(21.679, 39.688]",4,3,3,0,0,Hart,F.C.C. 13529,HartF.C.C. 13529,1
316,317,1.0,2,"Kantor, Mrs. Sinai (Miriam Sternin)",1,24.0,1,0,244367,26.0000,0,Mrs,"(20.0, 27.0]","(21.679, 39.688]",1,3,2,0,1,Kantor,244367,Kantor244367,1
318,319,1.0,1,"Wick, Miss. Mary Natalie",1,31.0,0,2,36928,164.8667,0,Mrs,"(30.0, 38.0]","(39.688, 263.0]",3,4,3,0,1,Wick,36928,Wick36928,1
319,320,1.0,1,"Spedden, Mrs. Frederic Oakley (Margaretta Corning Stone)",1,40.0,1,1,16966,134.5000,1,Mrs,"(38.0, 80.0]","(39.688, 263.0]",4,4,3,0,1,Spedden,16966,Spedden16966,1
323,324,1.0,2,"Caldwell, Mrs. Albert Francis (Sylvia Mae Harbaugh)",1,22.0,1,1,248738,29.0000,0,Mrs,"(20.0, 27.0]","(21.679, 39.688]",1,3,3,0,1,Caldwell,248738,Caldwell248738,1
324,325,0.0,3,"Sage, Mr. George John Jr",0,30.0,8,2,CA. 2343,69.5500,0,Mr,"(27.0, 30.0]","(39.688, 263.0]",2,4,11,0,0,Sage,CA. 2343,SageCA. 2343,1
328,329,1.0,3,"Goldsmith, Mrs. Frank John (Emily Alice Brown)",1,31.0,1,1,363291,20.5250,0,Mrs,"(30.0, 38.0]","(10.5, 21.679]",3,2,3,0,1,Goldsmith,363291,Goldsmith363291,1
329,330,1.0,1,"Hippach, Miss. Jean Gertrude",1,16.0,0,1,111361,57.9792,1,Mrs,"(0.419, 20.0]","(39.688, 263.0]",0,4,2,0,1,Hippach,111361,Hippach111361,1
330,331,1.0,3,"McCoy, Miss. Agnes",1,27.0,2,0,367226,23.2500,2,Mrs,"(20.0, 27.0]","(21.679, 39.688]",1,3,3,0,1,McCoy,367226,McCoy367226,1
332,333,0.0,1,"Graham, Mr. George Edward",0,38.0,0,1,PC 17582,153.4625,0,Mr,"(30.0, 38.0]","(39.688, 263.0]",3,4,2,0,0,Graham,PC 17582,GrahamPC 17582,1
333,334,0.0,3,"Vander Planke, Mr. Leo Edmondus",0,16.0,2,0,345764,18.0000,0,Mr,"(0.419, 20.0]","(10.5, 21.679]",0,2,3,0,0,Planke,345764,Planke345764,1
334,335,1.0,1,"Frauenthal, Mrs. Henry William (Clara Heinsheimer)",1,27.0,1,0,PC 17611,133.6500,0,Mrs,"(20.0, 27.0]","(39.688, 263.0]",1,4,2,0,1,Frauenthal,PC 17611,FrauenthalPC 17611,1
336,337,0.0,1,"Pears, Mr. Thomas Clinton",0,29.0,1,0,113776,66.6000,0,Mr,"(27.0, 30.0]","(39.688, 263.0]",2,4,2,0,0,Pears,113776,Pears113776,1
340,341,1.0,2,"Navratil, Master. Edmond Roger",0,2.0,1,1,230080,26.0000,0,Master,"(0.419, 20.0]","(21.679, 39.688]",0,3,3,0,2,Navratil,230080,Navratil230080,1
341,342,1.0,1,"Fortune, Miss. Alice Elizabeth",1,24.0,3,2,19950,263.0000,0,Mrs,"(20.0, 27.0]","(39.688, 263.0]",1,4,6,0,1,Fortune,19950,Fortune19950,1
347,348,1.0,3,"Davison, Mrs. Thomas Henry (Mary E Finck)",1,27.0,1,0,386525,16.1000,0,Mrs,"(20.0, 27.0]","(10.5, 21.679]",1,2,2,0,1,Davison,386525,Davison386525,1
348,349,1.0,3,"Coutts, Master. William Loch \"William\"",0,3.0,1,1,C.A. 37671,15.9000,0,Master,"(0.419, 20.0]","(10.5, 21.679]",0,2,3,0,2,Coutts,C.A. 37671,CouttsC.A. 37671,1
353,354,0.0,3,"Arnold-Franchi, Mr. Josef",0,25.0,1,0,349237,17.8000,0,Mr,"(20.0, 27.0]","(10.5, 21.679]",1,2,2,0,0,Franchi,349237,Franchi349237,1
360,361,0.0,3,"Skoog, Mr. Wilhelm",0,40.0,1,4,347088,27.9000,0,Mr,"(38.0, 80.0]","(21.679, 39.688]",4,3,6,0,0,Skoog,347088,Skoog347088,1
361,362,0.0,2,"del Carlo, Mr. Sebastiano",0,29.0,1,0,SC/PARIS 2167,27.7208,1,Mr,"(27.0, 30.0]","(21.679, 39.688]",2,3,2,0,0,Carlo,SC/PARIS 2167,CarloSC/PARIS 2167,1
362,363,0.0,3,"Barbara, Mrs. (Catherine David)",1,45.0,0,1,2691,14.4542,1,Mrs,"(38.0, 80.0]","(10.5, 21.679]",4,2,2,0,1,Barbara,2691,Barbara2691,1
364,365,0.0,3,"O'Brien, Mr. Thomas",0,30.0,1,0,370365,15.5000,2,Mr,"(27.0, 30.0]","(10.5, 21.679]",2,2,2,0,0,Brien,370365,Brien370365,1
366,367,1.0,1,"Warren, Mrs. Frank Manley (Anna Sophia Atkinson)",1,60.0,1,0,110813,75.2500,1,Mrs,"(38.0, 80.0]","(39.688, 263.0]",4,4,2,0,1,Warren,110813,Warren110813,1
370,371,1.0,1,"Harder, Mr. George Achilles",0,25.0,1,0,11765,55.4417,1,Mr,"(20.0, 27.0]","(39.688, 263.0]",1,4,2,0,0,Harder,11765,Harder11765,1
374,375,0.0,3,"Palsson, Miss. Stina Viola",1,3.0,3,1,349909,21.0750,0,Mrs,"(0.419, 20.0]","(10.5, 21.679]",0,2,5,0,1,Palsson,349909,Palsson349909,1
375,376,1.0,1,"Meyer, Mrs. Edgar Joseph (Leila Saks)",1,27.0,1,0,PC 17604,82.1708,1,Mrs,"(20.0, 27.0]","(39.688, 263.0]",1,4,2,0,1,Meyer,PC 17604,MeyerPC 17604,1
377,378,0.0,1,"Widener, Mr. Harry Elkins",0,27.0,0,2,113503,211.5000,1,Mr,"(20.0, 27.0]","(39.688, 263.0]",1,4,3,0,0,Widener,113503,Widener113503,1
381,382,1.0,3,"Nakid, Miss. Maria (\"Mary\")",1,1.0,0,2,2653,15.7417,1,Mrs,"(0.419, 20.0]","(10.5, 21.679]",0,2,3,0,1,Nakid,2653,Nakid2653,1
383,384,1.0,1,"Holverson, Mrs. Alexander Oskar (Mary Aline Towner)",1,35.0,1,0,113789,52.0000,0,Mrs,"(30.0, 38.0]","(39.688, 263.0]",3,4,2,0,1,Holverson,113789,Holverson113789,1
386,387,0.0,3,"Goodwin, Master. Sidney Leonard",0,1.0,5,2,CA 2144,46.9000,0,Master,"(0.419, 20.0]","(39.688, 263.0]",0,4,8,0,2,Goodwin,CA 2144,GoodwinCA 2144,1
390,391,1.0,1,"Carter, Mr. William Ernest",0,36.0,1,2,113760,120.0000,0,Mr,"(30.0, 38.0]","(39.688, 263.0]",3,4,4,0,0,Carter,113760,Carter113760,1
393,394,1.0,1,"Newell, Miss. Marjorie",1,23.0,1,0,35273,113.2750,1,Mrs,"(20.0, 27.0]","(39.688, 263.0]",1,4,2,0,1,Newell,35273,Newell35273,1
394,395,1.0,3,"Sandstrom, Mrs. Hjalmar (Agnes Charlotta Bengtsson)",1,24.0,0,2,PP 9549,16.7000,0,Mrs,"(20.0, 27.0]","(10.5, 21.679]",1,2,3,0,1,Sandstrom,PP 9549,SandstromPP 9549,1
403,404,0.0,3,"Hakkarainen, Mr. Pekka Pietari",0,28.0,1,0,STON/O2. 3101279,15.8500,0,Mr,"(27.0, 30.0]","(10.5, 21.679]",2,2,2,0,0,Hakkarainen,STON/O2. 3101279,HakkarainenSTON/O2. 3101279,1
405,406,0.0,2,"Gale, Mr. Shadrach",0,34.0,1,0,28664,21.0000,0,Mr,"(30.0, 38.0]","(10.5, 21.679]",3,2,2,0,0,Gale,28664,Gale28664,1
407,408,1.0,2,"Richards, Master. William Rowe",0,3.0,1,1,29106,18.7500,0,Master,"(0.419, 20.0]","(10.5, 21.679]",0,2,3,0,2,Richards,29106,Richards29106,1
409,410,0.0,3,"Lefebre, Miss. Ida",1,27.0,3,1,4133,25.4667,0,Mrs,"(20.0, 27.0]","(21.679, 39.688]",1,3,5,0,1,Lefebre,4133,Lefebre4133,1
412,413,1.0,1,"Minahan, Miss. Daisy E",1,33.0,1,0,19928,90.0000,2,Mrs,"(30.0, 38.0]","(39.688, 263.0]",3,4,2,0,1,Minahan,19928,Minahan19928,1
416,417,1.0,2,"Drew, Mrs. James Vivian (Lulu Thorne Christian)",1,34.0,1,1,28220,32.5000,0,Mrs,"(30.0, 38.0]","(21.679, 39.688]",3,3,3,0,1,Drew,28220,Drew28220,1
419,420,0.0,3,"Van Impe, Miss. Catharina",1,10.0,0,2,345773,24.1500,0,Mrs,"(0.419, 20.0]","(21.679, 39.688]",0,3,3,0,1,Impe,345773,Impe345773,1
423,424,0.0,3,"Danbom, Mrs. Ernst Gilbert (Anna Sigrid Maria Brogren)",1,28.00,1,1,347080,14.4000,0,Mrs,"(27.0, 30.0]","(10.5, 21.679]",2,2,3,0,1,Danbom,347080,Danbom347080,1
424,425,0.0,3,"Rosblom, Mr. Viktor Richard",0,18.00,1,1,370129,20.2125,0,Mr,"(0.419, 20.0]","(10.5, 21.679]",0,2,3,0,0,Rosblom,370129,Rosblom370129,1
426,427,1.0,2,"Clarke, Mrs. Charles V (Ada Maria Winfield)",1,28.00,1,0,2003,26.0000,0,Mrs,"(27.0, 30.0]","(21.679, 39.688]",2,3,2,0,1,Clarke,2003,Clarke2003,1
431,432,1.0,3,"Thorneycroft, Mrs. Percival (Florence Kate White)",1,27.00,1,0,376564,16.1000,0,Mrs,"(20.0, 27.0]","(10.5, 21.679]",1,2,2,0,1,Thorneycroft,376564,Thorneycroft376564,1
432,433,1.0,2,"Louch, Mrs. Charles Alexander (Alice Adelaide Slow)",1,42.00,1,0,SC/AH 3085,26.0000,0,Mrs,"(38.0, 80.0]","(21.679, 39.688]",4,3,2,0,1,Louch,SC/AH 3085,LouchSC/AH 3085,1
434,435,0.0,1,"Silvey, Mr. William Baird",0,50.00,1,0,13507,55.9000,0,Mr,"(38.0, 80.0]","(39.688, 263.0]",4,4,2,0,0,Silvey,13507,Silvey13507,1
435,436,1.0,1,"Carter, Miss. Lucile Polk",1,14.00,1,2,113760,120.0000,0,Mrs,"(0.419, 20.0]","(39.688, 263.0]",0,4,4,0,1,Carter,113760,Carter113760,1
436,437,0.0,3,"Ford, Miss. Doolina Margaret \"Daisy\"",1,21.00,2,2,W./C. 6608,34.3750,0,Mrs,"(20.0, 27.0]","(21.679, 39.688]",1,3,5,0,1,Ford,W./C. 6608,FordW./C. 6608,1
437,438,1.0,2,"Richards, Mrs. Sidney (Emily Hocking)",1,24.00,2,3,29106,18.7500,0,Mrs,"(20.0, 27.0]","(10.5, 21.679]",1,2,6,0,1,Richards,29106,Richards29106,1
438,439,0.0,1,"Fortune, Mr. Mark",0,64.00,1,4,19950,263.0000,0,Mr,"(38.0, 80.0]","(39.688, 263.0]",4,4,6,0,0,Fortune,19950,Fortune19950,1
440,441,1.0,2,"Hart, Mrs. Benjamin (Esther Ada Bloomfield)",1,45.00,1,1,F.C.C. 13529,26.2500,0,Mrs,"(38.0, 80.0]","(21.679, 39.688]",4,3,3,0,1,Hart,F.C.C. 13529,HartF.C.C. 13529,1
445,446,1.0,1,"Dodge, Master. Washington",0,4.00,0,2,33638,81.8583,0,Master,"(0.419, 20.0]","(39.688, 263.0]",0,4,3,0,2,Dodge,33638,Dodge33638,1
446,447,1.0,2,"Mellinger, Miss. Madeleine Violet",1,13.00,0,1,250644,19.5000,0,Mrs,"(0.419, 20.0]","(10.5, 21.679]",0,2,2,0,1,Mellinger,250644,Mellinger250644,1
448,449,1.0,3,"Baclini, Miss. Marie Catherine",1,5.00,2,1,2666,19.2583,1,Mrs,"(0.419, 20.0]","(10.5, 21.679]",0,2,4,0,1,Baclini,2666,Baclini2666,1
450,451,0.0,2,"West, Mr. Edwy Arthur",0,36.00,1,2,C.A. 34651,27.7500,0,Mr,"(30.0, 38.0]","(21.679, 39.688]",3,3,4,0,0,West,C.A. 34651,WestC.A. 34651,1
453,454,1.0,1,"Goldenberg, Mr. Samuel L",0,49.00,1,0,17453,89.1042,1,Mr,"(38.0, 80.0]","(39.688, 263.0]",4,4,2,0,0,Goldenberg,17453,Goldenberg17453,1
457,458,1.0,1,"Kenyon, Mrs. Frederick R (Marion)",1,27.00,1,0,17464,51.8625,0,Mrs,"(20.0, 27.0]","(39.688, 263.0]",1,4,2,0,1,Kenyon,17464,Kenyon17464,1
469,470,1.0,3,"Baclini, Miss. Helene Barbara",1,0.75,2,1,2666,19.2583,1,Mrs,"(0.419, 20.0]","(10.5, 21.679]",0,2,4,0,1,Baclini,2666,Baclini2666,1
472,473,1.0,2,"West, Mrs. Edwy Arthur (Ada Mary Worth)",1,33.00,1,2,C.A. 34651,27.7500,0,Mrs,"(30.0, 38.0]","(21.679, 39.688]",3,3,4,0,1,West,C.A. 34651,WestC.A. 34651,1
476,477,0.0,2,"Renouf, Mr. Peter Henry",0,34.00,1,0,31027,21.0000,0,Mr,"(30.0, 38.0]","(10.5, 21.679]",3,2,2,0,0,Renouf,31027,Renouf31027,1
479,480,1.0,3,"Hirvonen, Miss. Hildur E",1,2.0,0,1,3101298,12.2875,0,Mrs,"(0.419, 20.0]","(10.5, 21.679]",0,2,2,0,1,Hirvonen,3101298,Hirvonen3101298,1
480,481,0.0,3,"Goodwin, Master. Harold Victor",0,9.0,5,2,CA 2144,46.9000,0,Master,"(0.419, 20.0]","(39.688, 263.0]",0,4,8,0,2,Goodwin,CA 2144,GoodwinCA 2144,1
484,485,1.0,1,"Bishop, Mr. Dickinson H",0,25.0,1,0,11967,91.0792,1,Mr,"(20.0, 27.0]","(39.688, 263.0]",1,4,2,0,0,Bishop,11967,Bishop11967,1
485,486,0.0,3,"Lefebre, Miss. Jeannie",1,27.0,3,1,4133,25.4667,0,Mrs,"(20.0, 27.0]","(21.679, 39.688]",1,3,5,0,1,Lefebre,4133,Lefebre4133,1
486,487,1.0,1,"Hoyt, Mrs. Frederick Maxfield (Jane Anne Forby)",1,35.0,1,0,19943,90.0000,0,Mrs,"(30.0, 38.0]","(39.688, 263.0]",3,4,2,0,1,Hoyt,19943,Hoyt19943,1
489,490,1.0,3,"Coutts, Master. Eden Leslie \"Neville\"",0,9.0,1,1,C.A. 37671,15.9000,0,Master,"(0.419, 20.0]","(10.5, 21.679]",0,2,3,0,2,Coutts,C.A. 37671,CouttsC.A. 37671,1
498,499,0.0,1,"Allison, Mrs. Hudson J C (Bessie Waldo Daniels)",1,25.0,1,2,113781,151.5500,0,Mrs,"(20.0, 27.0]","(39.688, 263.0]",1,4,4,0,1,Allison,113781,Allison113781,1
505,506,0.0,1,"Penasco y Castellana, Mr. Victor de Satode",0,18.0,1,0,PC 17758,108.9000,1,Mr,"(0.419, 20.0]","(39.688, 263.0]",0,4,2,0,0,Castellana,PC 17758,CastellanaPC 17758,1
506,507,1.0,2,"Quick, Mrs. Frederick Charles (Jane Richards)",1,33.0,0,2,26360,26.0000,0,Mrs,"(30.0, 38.0]","(21.679, 39.688]",3,3,3,0,1,Quick,26360,Quick26360,1
513,514,1.0,1,"Rothschild, Mrs. Martin (Elizabeth L. Barrett)",1,54.0,1,0,PC 17603,59.4000,1,Mrs,"(38.0, 80.0]","(39.688, 263.0]",4,4,2,0,1,Rothschild,PC 17603,RothschildPC 17603,1
518,519,1.0,2,"Angle, Mrs. William A (Florence \"Mary\" Agnes Hughes)",1,36.0,1,0,226875,26.0000,0,Mrs,"(30.0, 38.0]","(21.679, 39.688]",3,3,2,0,1,Angle,226875,Angle226875,1
523,524,1.0,1,"Hippach, Mrs. Louis Albert (Ida Sophia Fischer)",1,44.0,0,1,111361,57.9792,1,Mrs,"(38.0, 80.0]","(39.688, 263.0]",4,4,2,0,1,Hippach,111361,Hippach111361,1
530,531,1.0,2,"Quick, Miss. Phyllis May",1,2.0,1,1,26360,26.0000,0,Mrs,"(0.419, 20.0]","(21.679, 39.688]",0,3,3,0,1,Quick,26360,Quick26360,1
533,534,1.0,3,"Peter, Mrs. Catherine (Catherine Rizk)",1,27.0,0,2,2668,22.3583,1,Mrs,"(20.0, 27.0]","(21.679, 39.688]",1,3,3,0,1,Peter,2668,Peter2668,1
535,536,1.0,2,"Hart, Miss. Eva Miriam",1,7.0,0,2,F.C.C. 13529,26.2500,0,Mrs,"(0.419, 20.0]","(21.679, 39.688]",0,3,3,0,1,Hart,F.C.C. 13529,HartF.C.C. 13529,1
538,539,0.0,3,"Risien, Mr. Samuel Beard",0,30.0,0,0,364498,14.5000,0,Mr,"(27.0, 30.0]","(10.5, 21.679]",2,2,1,1,0,Risien,364498,Risien364498,1
540,541,1.0,1,"Crosby, Miss. Harriet R",1,36.0,0,2,WE/P 5735,71.0000,0,Mrs,"(30.0, 38.0]","(39.688, 263.0]",3,4,3,0,1,Crosby,WE/P 5735,CrosbyWE/P 5735,1
541,542,0.0,3,"Andersson, Miss. Ingeborg Constanzia",1,9.0,4,2,347082,31.2750,0,Mrs,"(0.419, 20.0]","(21.679, 39.688]",0,3,7,0,1,Andersson,347082,Andersson347082,1
542,543,0.0,3,"Andersson, Miss. Sigrid Elisabeth",1,11.0,4,2,347082,31.2750,0,Mrs,"(0.419, 20.0]","(21.679, 39.688]",0,3,7,0,1,Andersson,347082,Andersson347082,1
543,544,1.0,2,"Beane, Mr. Edward",0,32.0,1,0,2908,26.0000,0,Mr,"(30.0, 38.0]","(21.679, 39.688]",3,3,2,0,0,Beane,2908,Beane2908,1
544,545,0.0,1,"Douglas, Mr. Walter Donald",0,50.0,1,0,PC 17761,106.4250,1,Mr,"(38.0, 80.0]","(39.688, 263.0]",4,4,2,0,0,Douglas,PC 17761,DouglasPC 17761,1
546,547,1.0,2,"Beane, Mrs. Edward (Ethel Clarke)",1,19.0,1,0,2908,26.0000,0,Mrs,"(0.419, 20.0]","(21.679, 39.688]",0,3,2,0,1,Beane,2908,Beane2908,1
548,549,0.0,3,"Goldsmith, Mr. Frank John",0,33.0,1,1,363291,20.5250,0,Mr,"(30.0, 38.0]","(10.5, 21.679]",3,2,3,0,0,Goldsmith,363291,Goldsmith363291,1
549,550,1.0,2,"Davies, Master. John Morgan Jr",0,8.0,1,1,C.A. 33112,36.7500,0,Master,"(0.419, 20.0]","(21.679, 39.688]",0,3,3,0,2,Davies,C.A. 33112,DaviesC.A. 33112,1
550,551,1.0,1,"Thayer, Mr. John Borland Jr",0,17.0,0,2,17421,110.8833,1,Mr,"(0.419, 20.0]","(39.688, 263.0]",0,4,3,0,0,Thayer,17421,Thayer17421,1
558,559,1.0,1,"Taussig, Mrs. Emil (Tillie Mandelbaum)",1,39.0,1,1,110413,79.6500,0,Mrs,"(38.0, 80.0]","(39.688, 263.0]",4,4,3,0,1,Taussig,110413,Taussig110413,1
559,560,1.0,3,"de Messemaeker, Mrs. Guillaume Joseph (Emma)",1,36.0,1,0,345572,17.4000,0,Mrs,"(30.0, 38.0]","(10.5, 21.679]",3,2,2,0,1,Messemaeker,345572,Messemaeker345572,1
565,566,0.0,3,"Davies, Mr. Alfred J",0,24.0,2,0,A/4 48871,24.1500,0,Mr,"(20.0, 27.0]","(21.679, 39.688]",1,3,3,0,0,Davies,A/4 48871,DaviesA/4 48871,1
567,568,0.0,3,"Palsson, Mrs. Nils (Alma Cornelia Berglund)",1,29.0,0,4,349909,21.0750,0,Mrs,"(27.0, 30.0]","(10.5, 21.679]",2,2,5,0,1,Palsson,349909,Palsson349909,1
577,578,1.0,1,"Silvey, Mrs. William Baird (Alice Munger)",1,39.0,1,0,13507,55.9000,0,Mrs,"(38.0, 80.0]","(39.688, 263.0]",4,4,2,0,1,Silvey,13507,Silvey13507,1
578,579,0.0,3,"Caram, Mrs. Joseph (Maria Elias)",1,27.0,1,0,2689,14.4583,1,Mrs,"(20.0, 27.0]","(10.5, 21.679]",1,2,2,0,1,Caram,2689,Caram2689,1
580,581,1.0,2,"Christy, Miss. Julie Rachel",1,25.0,1,1,237789,30.0000,0,Mrs,"(20.0, 27.0]","(21.679, 39.688]",1,3,3,0,1,Christy,237789,Christy237789,1
581,582,1.0,1,"Thayer, Mrs. John Borland (Marian Longstreth Morris)",1,39.0,1,1,17421,110.8833,1,Mrs,"(38.0, 80.0]","(39.688, 263.0]",4,4,3,0,1,Thayer,17421,Thayer17421,1
585,586,1.0,1,"Taussig, Miss. Ruth",1,18.0,0,2,110413,79.6500,0,Mrs,"(0.419, 20.0]","(39.688, 263.0]",0,4,3,0,1,Taussig,110413,Taussig110413,1
587,588,1.0,1,"Frolicher-Stehli, Mr. Maxmillian",0,60.0,1,1,13567,79.2000,1,Mr,"(38.0, 80.0]","(39.688, 263.0]",4,4,3,0,0,Stehli,13567,Stehli13567,1
594,595,0.0,2,"Chapman, Mr. John Henry",0,37.0,1,0,SC/AH 29037,26.0000,0,Mr,"(30.0, 38.0]","(21.679, 39.688]",3,3,2,0,0,Chapman,SC/AH 29037,ChapmanSC/AH 29037,1
595,596,0.0,3,"Van Impe, Mr. Jean Baptiste",0,36.0,1,1,345773,24.1500,0,Mr,"(30.0, 38.0]","(21.679, 39.688]",3,3,3,0,0,Impe,345773,Impe345773,1
597,598,0.0,3,"Johnson, Mr. Alfred",0,49.0,0,0,LINE,0.0000,0,Mr,"(38.0, 80.0]","(-0.001, 7.854]",4,0,1,1,0,Johnson,,,1
600,601,1.0,2,"Jacobsohn, Mrs. Sidney Samuel (Amy Frances Christy)",1,24.0,2,1,243847,27.0000,0,Mrs,"(20.0, 27.0]","(21.679, 39.688]",1,3,4,0,1,Jacobsohn,243847,Jacobsohn243847,1
605,606,0.0,3,"Lindell, Mr. Edvard Bengtsson",0,36.0,1,0,349910,15.5500,0,Mr,"(30.0, 38.0]","(10.5, 21.679]",3,2,2,0,0,Lindell,349910,Lindell349910,1
608,609,1.0,2,"Laroche, Mrs. Joseph (Juliette Marie Louise Lafargue)",1,22.00,1,2,SC/Paris 2123,41.5792,1,Mrs,"(20.0, 27.0]","(39.688, 263.0]",1,4,4,0,1,Laroche,SC/Paris 2123,LarocheSC/Paris 2123,1
610,611,0.0,3,"Andersson, Mrs. Anders Johan (Alfrida Konstantia Brogren)",1,39.00,1,5,347082,31.2750,0,Mrs,"(38.0, 80.0]","(21.679, 39.688]",4,3,7,0,1,Andersson,347082,Andersson347082,1
612,613,1.0,3,"Murphy, Miss. Margaret Jane",1,27.00,1,0,367230,15.5000,2,Mrs,"(20.0, 27.0]","(10.5, 21.679]",1,2,2,0,1,Murphy,367230,Murphy367230,1
615,616,1.0,2,"Herman, Miss. Alice",1,24.00,1,2,220845,65.0000,0,Mrs,"(20.0, 27.0]","(39.688, 263.0]",1,4,4,0,1,Herman,220845,Herman220845,1
616,617,0.0,3,"Danbom, Mr. Ernst Gilbert",0,34.00,1,1,347080,14.4000,0,Mr,"(30.0, 38.0]","(10.5, 21.679]",3,2,3,0,0,Danbom,347080,Danbom347080,1
617,618,0.0,3,"Lobb, Mrs. William Arthur (Cordelia K Stanlick)",1,26.00,1,0,A/5. 3336,16.1000,0,Mrs,"(20.0, 27.0]","(10.5, 21.679]",1,2,2,0,1,Lobb,A/5. 3336,LobbA/5. 3336,1
618,619,1.0,2,"Becker, Miss. Marion Louise",1,4.00,2,1,230136,39.0000,0,Mrs,"(0.419, 20.0]","(21.679, 39.688]",0,3,4,0,1,Becker,230136,Becker230136,1
620,621,0.0,3,"Yasbeck, Mr. Antoni",0,27.00,1,0,2659,14.4542,1,Mr,"(20.0, 27.0]","(10.5, 21.679]",1,2,2,0,0,Yasbeck,2659,Yasbeck2659,1
621,622,1.0,1,"Kimball, Mr. Edwin Nelson Jr",0,42.00,1,0,11753,52.5542,0,Mr,"(38.0, 80.0]","(39.688, 263.0]",4,4,2,0,0,Kimball,11753,Kimball11753,1
622,623,1.0,3,"Nakid, Mr. Sahid",0,20.00,1,1,2653,15.7417,1,Mr,"(0.419, 20.0]","(10.5, 21.679]",0,2,3,0,0,Nakid,2653,Nakid2653,1
634,635,0.0,3,"Skoog, Miss. Mabel",1,9.00,3,2,347088,27.9000,0,Mrs,"(0.419, 20.0]","(21.679, 39.688]",0,3,6,0,1,Skoog,347088,Skoog347088,1
637,638,0.0,2,"Collyer, Mr. Harvey",0,31.00,1,1,C.A. 31921,26.2500,0,Mr,"(30.0, 38.0]","(21.679, 39.688]",3,3,3,0,0,Collyer,C.A. 31921,CollyerC.A. 31921,1
638,639,0.0,3,"Panula, Mrs. Juha (Maria Emilia Ojala)",1,41.00,0,5,3101295,39.6875,0,Mrs,"(38.0, 80.0]","(21.679, 39.688]",4,3,6,0,1,Panula,3101295,Panula3101295,1
639,640,0.0,3,"Thorneycroft, Mr. Percival",0,30.00,1,0,376564,16.1000,0,Mr,"(27.0, 30.0]","(10.5, 21.679]",2,2,2,0,0,Thorneycroft,376564,Thorneycroft376564,1
642,643,0.0,3,"Skoog, Miss. Margit Elizabeth",1,2.00,3,2,347088,27.9000,0,Mrs,"(0.419, 20.0]","(21.679, 39.688]",0,3,6,0,1,Skoog,347088,Skoog347088,1
644,645,1.0,3,"Baclini, Miss. Eugenie",1,0.75,2,1,2666,19.2583,1,Mrs,"(0.419, 20.0]","(10.5, 21.679]",0,2,4,0,1,Baclini,2666,Baclini2666,1
645,646,1.0,1,"Harper, Mr. Henry Sleeper",0,48.00,1,0,PC 17572,76.7292,1,Mr,"(38.0, 80.0]","(39.688, 263.0]",4,4,2,0,0,Harper,PC 17572,HarperPC 17572,1
651,652,1.0,2,"Doling, Miss. Elsie",1,18.00,0,1,231919,23.0000,0,Mrs,"(0.419, 20.0]","(21.679, 39.688]",0,3,2,0,1,Doling,231919,Doling231919,1
655,656,0.0,2,"Hickman, Mr. Leonard Mark",0,24.00,2,0,S.O.C. 14879,73.5000,0,Mr,"(20.0, 27.0]","(39.688, 263.0]",1,4,3,0,0,Hickman,S.O.C. 14879,HickmanS.O.C. 14879,1
657,658,0.0,3,"Bourke, Mrs. John (Catherine)",1,32.00,1,1,364849,15.5000,2,Mrs,"(30.0, 38.0]","(10.5, 21.679]",3,2,3,0,1,Bourke,364849,Bourke364849,1
659,660,0.0,1,"Newell, Mr. Arthur Webster",0,58.0,0,2,35273,113.2750,1,Mr,"(38.0, 80.0]","(39.688, 263.0]",4,4,3,0,0,Newell,35273,Newell35273,1
660,661,1.0,1,"Frauenthal, Dr. Henry William",0,50.0,2,0,PC 17611,133.6500,0,Others,"(38.0, 80.0]","(39.688, 263.0]",4,4,3,0,3,Frauenthal,PC 17611,FrauenthalPC 17611,1
665,666,0.0,2,"Hickman, Mr. Lewis",0,32.0,2,0,S.O.C. 14879,73.5000,0,Mr,"(30.0, 38.0]","(39.688, 263.0]",3,4,3,0,0,Hickman,S.O.C. 14879,HickmanS.O.C. 14879,1
669,670,1.0,1,"Taylor, Mrs. Elmer Zebley (Juliet Cummins Wright)",1,27.0,1,0,19996,52.0000,0,Mrs,"(20.0, 27.0]","(39.688, 263.0]",1,4,2,0,1,Taylor,19996,Taylor19996,1
670,671,1.0,2,"Brown, Mrs. Thomas William Solomon (Elizabeth Catherine Ford)",1,40.0,1,1,29750,39.0000,0,Mrs,"(38.0, 80.0]","(21.679, 39.688]",4,3,3,0,1,Brown,29750,Brown29750,1
671,672,0.0,1,"Davidson, Mr. Thornton",0,31.0,1,0,F.C. 12750,52.0000,0,Mr,"(30.0, 38.0]","(39.688, 263.0]",3,4,2,0,0,Davidson,F.C. 12750,DavidsonF.C. 12750,1
678,679,0.0,3,"Goodwin, Mrs. Frederick (Augusta Tyler)",1,43.0,1,6,CA 2144,46.9000,0,Mrs,"(38.0, 80.0]","(39.688, 263.0]",4,4,8,0,1,Goodwin,CA 2144,GoodwinCA 2144,1
679,680,1.0,1,"Cardeza, Mr. Thomas Drake Martinez",0,36.0,0,1,PC 17755,263.0000,1,Mr,"(30.0, 38.0]","(39.688, 263.0]",3,4,2,0,0,Cardeza,PC 17755,CardezaPC 17755,1
683,684,0.0,3,"Goodwin, Mr. Charles Edward",0,14.0,5,2,CA 2144,46.9000,0,Mr,"(0.419, 20.0]","(39.688, 263.0]",0,4,8,0,0,Goodwin,CA 2144,GoodwinCA 2144,1
684,685,0.0,2,"Brown, Mr. Thomas William Solomon",0,60.0,1,1,29750,39.0000,0,Mr,"(38.0, 80.0]","(21.679, 39.688]",4,3,3,0,0,Brown,29750,Brown29750,1
685,686,0.0,2,"Laroche, Mr. Joseph Philippe Lemercier",0,25.0,1,2,SC/Paris 2123,41.5792,1,Mr,"(20.0, 27.0]","(39.688, 263.0]",1,4,4,0,0,Laroche,SC/Paris 2123,LarocheSC/Paris 2123,1
686,687,0.0,3,"Panula, Mr. Jaako Arnold",0,14.0,4,1,3101295,39.6875,0,Mr,"(0.419, 20.0]","(21.679, 39.688]",0,3,6,0,0,Panula,3101295,Panula3101295,1
690,691,1.0,1,"Dick, Mr. Albert Adrian",0,31.0,1,0,17474,57.0000,0,Mr,"(30.0, 38.0]","(39.688, 263.0]",3,4,2,0,0,Dick,17474,Dick17474,1
691,692,1.0,3,"Karun, Miss. Manca",1,4.0,0,1,349256,13.4167,1,Mrs,"(0.419, 20.0]","(10.5, 21.679]",0,2,2,0,1,Karun,349256,Karun349256,1
692,693,1.0,3,"Lam, Mr. Ali",0,30.0,0,0,1601,56.4958,0,Mr,"(27.0, 30.0]","(39.688, 263.0]",2,4,1,1,0,Lam,1601,Lam1601,1
698,699,0.0,1,"Thayer, Mr. John Borland",0,49.0,1,1,17421,110.8833,1,Mr,"(38.0, 80.0]","(39.688, 263.0]",4,4,3,0,0,Thayer,17421,Thayer17421,1
700,701,1.0,1,"Astor, Mrs. John Jacob (Madeleine Talmadge Force)",1,18.0,1,0,PC 17757,227.5250,1,Mrs,"(0.419, 20.0]","(39.688, 263.0]",0,4,2,0,1,Astor,PC 17757,AstorPC 17757,1
702,703,0.0,3,"Barbara, Miss. Saiide",1,18.0,0,1,2691,14.4542,1,Mrs,"(0.419, 20.0]","(10.5, 21.679]",0,2,2,0,1,Barbara,2691,Barbara2691,1
709,710,1.0,3,"Moubarek, Master. Halim Gonios (\"William George\")",0,3.5,1,1,2661,15.2458,1,Master,"(0.419, 20.0]","(10.5, 21.679]",0,2,3,0,2,Moubarek,2661,Moubarek2661,1
712,713,1.0,1,"Taylor, Mr. Elmer Zebley",0,48.0,1,0,19996,52.0000,0,Mr,"(38.0, 80.0]","(39.688, 263.0]",4,4,2,0,0,Taylor,19996,Taylor19996,1
720,721,1.0,2,"Harper, Miss. Annie Jessie \"Nina\"",1,6.00,0,1,248727,33.000,0,Mrs,"(0.419, 20.0]","(21.679, 39.688]",0,3,2,0,1,Harper,248727,Harper248727,1
724,725,1.0,1,"Chambers, Mr. Norman Campbell",0,27.00,1,0,113806,53.100,0,Mr,"(20.0, 27.0]","(39.688, 263.0]",1,4,2,0,0,Chambers,113806,Chambers113806,1
726,727,1.0,2,"Renouf, Mrs. Peter Henry (Lillian Jefferys)",1,30.00,3,0,31027,21.000,0,Mrs,"(27.0, 30.0]","(10.5, 21.679]",2,2,4,0,1,Renouf,31027,Renouf31027,1
728,729,0.0,2,"Bryhl, Mr. Kurt Arnold Gottfrid",0,25.00,1,0,236853,26.000,0,Mr,"(20.0, 27.0]","(21.679, 39.688]",1,3,2,0,0,Bryhl,236853,Bryhl236853,1
736,737,0.0,3,"Ford, Mrs. Edward (Margaret Ann Watson)",1,48.00,1,3,W./C. 6608,34.375,0,Mrs,"(38.0, 80.0]","(21.679, 39.688]",4,3,5,0,1,Ford,W./C. 6608,FordW./C. 6608,1
741,742,0.0,1,"Cavendish, Mr. Tyrell William",0,36.00,1,0,19877,78.850,0,Mr,"(30.0, 38.0]","(39.688, 263.0]",3,4,2,0,0,Cavendish,19877,Cavendish19877,1
742,743,1.0,1,"Ryerson, Miss. Susan Parker \"Suzette\"",1,21.00,2,2,PC 17608,262.375,1,Mrs,"(20.0, 27.0]","(39.688, 263.0]",1,4,5,0,1,Ryerson,PC 17608,RyersonPC 17608,1
743,744,0.0,3,"McNamee, Mr. Neal",0,24.00,1,0,376566,16.100,0,Mr,"(20.0, 27.0]","(10.5, 21.679]",1,2,2,0,0,McNamee,376566,McNamee376566,1
745,746,0.0,1,"Crosby, Capt. Edward Gifford",0,70.00,1,1,WE/P 5735,71.000,0,Others,"(38.0, 80.0]","(39.688, 263.0]",4,4,3,0,3,Crosby,WE/P 5735,CrosbyWE/P 5735,1
746,747,0.0,3,"Abbott, Mr. Rossmore Edward",0,16.00,1,1,C.A. 2673,20.250,0,Mr,"(0.419, 20.0]","(10.5, 21.679]",0,2,3,0,0,Abbott,C.A. 2673,AbbottC.A. 2673,1
748,749,0.0,1,"Marvin, Mr. Daniel Warner",0,19.00,1,0,113773,53.100,0,Mr,"(0.419, 20.0]","(39.688, 263.0]",0,4,2,0,0,Marvin,113773,Marvin113773,1
750,751,1.0,2,"Wells, Miss. Joan",1,4.00,1,1,29103,23.000,0,Mrs,"(0.419, 20.0]","(21.679, 39.688]",0,3,3,0,1,Wells,29103,Wells29103,1
751,752,1.0,3,"Moor, Master. Meier",0,6.00,0,1,392096,12.475,0,Master,"(0.419, 20.0]","(10.5, 21.679]",0,2,2,0,2,Moor,392096,Moor392096,1
754,755,1.0,2,"Herman, Mrs. Samuel (Jane Laver)",1,48.00,1,2,220845,65.000,0,Mrs,"(38.0, 80.0]","(39.688, 263.0]",4,4,4,0,1,Herman,220845,Herman220845,1
755,756,1.0,2,"Hamalainen, Master. Viljo",0,0.67,1,1,250649,14.500,0,Master,"(0.419, 20.0]","(10.5, 21.679]",0,2,3,0,2,Hamalainen,250649,Hamalainen250649,1
763,764,1.0,1,"Carter, Mrs. William Ernest (Lucile Polk)",1,36.00,1,2,113760,120.000,0,Mrs,"(30.0, 38.0]","(39.688, 263.0]",3,4,4,0,1,Carter,113760,Carter113760,1
768,769,0.0,3,"Moran, Mr. Daniel J",0,30.00,1,0,371110,24.150,2,Mr,"(27.0, 30.0]","(21.679, 39.688]",2,3,2,0,0,Moran,371110,Moran371110,1
774,775,1.0,2,"Hocking, Mrs. Elizabeth (Eliza Needs)",1,54.00,1,3,29105,23.000,0,Mrs,"(38.0, 80.0]","(21.679, 39.688]",4,3,5,0,1,Hocking,29105,Hocking29105,1
781,782,1.0,1,"Dick, Mrs. Albert Adrian (Vera Gillespie)",1,17.00,1,0,17474,57.000,0,Mrs,"(0.419, 20.0]","(39.688, 263.0]",0,4,2,0,1,Dick,17474,Dick17474,1
783,784,0.0,3,"Johnston, Mr. Andrew G",0,30.00,1,2,W./C. 6607,23.450,0,Mr,"(27.0, 30.0]","(21.679, 39.688]",2,3,4,0,0,Johnston,W./C. 6607,JohnstonW./C. 6607,1
787,788,0.0,3,"Rice, Master. George Hugh",0,8.00,4,1,382652,29.1250,2,Master,"(0.419, 20.0]","(21.679, 39.688]",0,3,6,0,2,Rice,382652,Rice382652,1
788,789,1.0,3,"Dean, Master. Bertram Vere",0,1.00,1,2,C.A. 2315,20.5750,0,Master,"(0.419, 20.0]","(10.5, 21.679]",0,2,4,0,2,Dean,C.A. 2315,DeanC.A. 2315,1
792,793,0.0,3,"Sage, Miss. Stella Anna",1,27.00,8,2,CA. 2343,69.5500,0,Mrs,"(20.0, 27.0]","(39.688, 263.0]",1,4,11,0,1,Sage,CA. 2343,SageCA. 2343,1
799,800,0.0,3,"Van Impe, Mrs. Jean Baptiste (Rosalie Paula Govaert)",1,30.00,1,1,345773,24.1500,0,Mrs,"(27.0, 30.0]","(21.679, 39.688]",2,3,3,0,1,Impe,345773,Impe345773,1
801,802,1.0,2,"Collyer, Mrs. Harvey (Charlotte Annie Tate)",1,31.00,1,1,C.A. 31921,26.2500,0,Mrs,"(30.0, 38.0]","(21.679, 39.688]",3,3,3,0,1,Collyer,C.A. 31921,CollyerC.A. 31921,1
802,803,1.0,1,"Carter, Master. William Thornton II",0,11.00,1,2,113760,120.0000,0,Master,"(0.419, 20.0]","(39.688, 263.0]",0,4,4,0,2,Carter,113760,Carter113760,1
803,804,1.0,3,"Thomas, Master. Assad Alexander",0,0.42,0,1,2625,8.5167,1,Master,"(0.419, 20.0]","(7.854, 10.5]",0,1,2,0,2,Thomas,2625,Thomas2625,1
809,810,1.0,1,"Chambers, Mrs. Norman Campbell (Bertha Griggs)",1,33.00,1,0,113806,53.1000,0,Mrs,"(30.0, 38.0]","(39.688, 263.0]",3,4,2,0,1,Chambers,113806,Chambers113806,1
813,814,0.0,3,"Andersson, Miss. Ebba Iris Alfrida",1,6.00,4,2,347082,31.2750,0,Mrs,"(0.419, 20.0]","(21.679, 39.688]",0,3,7,0,1,Andersson,347082,Andersson347082,1
817,818,0.0,2,"Mallet, Mr. Albert",0,31.00,1,1,S.C./PARIS 2079,37.0042,1,Mr,"(30.0, 38.0]","(21.679, 39.688]",3,3,3,0,0,Mallet,S.C./PARIS 2079,MalletS.C./PARIS 2079,1
819,820,0.0,3,"Skoog, Master. Karl Thorsten",0,10.00,3,2,347088,27.9000,0,Master,"(0.419, 20.0]","(21.679, 39.688]",0,3,6,0,2,Skoog,347088,Skoog347088,1
820,821,1.0,1,"Hays, Mrs. Charles Melville (Clara Jennings Gregg)",1,52.00,1,1,12749,93.5000,0,Mrs,"(38.0, 80.0]","(39.688, 263.0]",4,4,3,0,1,Hays,12749,Hays12749,1
823,824,1.0,3,"Moor, Mrs. (Beila)",1,27.00,0,1,392096,12.4750,0,Mrs,"(20.0, 27.0]","(10.5, 21.679]",1,2,2,0,1,Moor,392096,Moor392096,1
824,825,0.0,3,"Panula, Master. Urho Abraham",0,2.00,4,1,3101295,39.6875,0,Master,"(0.419, 20.0]","(21.679, 39.688]",0,3,6,0,2,Panula,3101295,Panula3101295,1
826,827,0.0,3,"Lam, Mr. Len",0,30.00,0,0,1601,56.4958,0,Mr,"(27.0, 30.0]","(39.688, 263.0]",2,4,1,1,0,Lam,1601,Lam1601,1
827,828,1.0,2,"Mallet, Master. Andre",0,1.00,0,2,S.C./PARIS 2079,37.0042,1,Master,"(0.419, 20.0]","(21.679, 39.688]",0,3,3,0,2,Mallet,S.C./PARIS 2079,MalletS.C./PARIS 2079,1
830,831,1.0,3,"Yasbeck, Mrs. Antoni (Selini Alexander)",1,15.00,1,0,2659,14.4542,1,Mrs,"(0.419, 20.0]","(10.5, 21.679]",0,2,2,0,1,Yasbeck,2659,Yasbeck2659,1
831,832,1.0,2,"Richards, Master. George Sibley",0,0.83,1,1,29106,18.7500,0,Master,"(0.419, 20.0]","(10.5, 21.679]",0,2,3,0,2,Richards,29106,Richards29106,1
835,836,1.0,1,"Compton, Miss. Sara Rebecca",1,39.00,1,1,PC 17756,83.1583,1,Mrs,"(38.0, 80.0]","(39.688, 263.0]",4,4,3,0,1,Compton,PC 17756,ComptonPC 17756,1
846,847,0.0,3,"Sage, Mr. Douglas Bullen",0,30.00,8,2,CA. 2343,69.5500,0,Mr,"(27.0, 30.0]","(39.688, 263.0]",2,4,11,0,0,Sage,CA. 2343,SageCA. 2343,1
848,849,0.0,2,"Harper, Rev. John",0,28.0,0,1,248727,33.0000,0,Mr,"(27.0, 30.0]","(21.679, 39.688]",2,3,2,0,0,Harper,248727,Harper248727,1
849,850,1.0,1,"Goldenberg, Mrs. Samuel L (Edwiga Grabowska)",1,27.0,1,0,17453,89.1042,1,Mrs,"(20.0, 27.0]","(39.688, 263.0]",1,4,2,0,1,Goldenberg,17453,Goldenberg17453,1
850,851,0.0,3,"Andersson, Master. Sigvard Harald Elias",0,4.0,4,2,347082,31.2750,0,Master,"(0.419, 20.0]","(21.679, 39.688]",0,3,7,0,2,Andersson,347082,Andersson347082,1
852,853,0.0,3,"Boulos, Miss. Nourelain",1,9.0,1,1,2678,15.2458,1,Mrs,"(0.419, 20.0]","(10.5, 21.679]",0,2,3,0,1,Boulos,2678,Boulos2678,1
853,854,1.0,1,"Lines, Miss. Mary Conover",1,16.0,0,1,PC 17592,39.4000,0,Mrs,"(0.419, 20.0]","(21.679, 39.688]",0,3,2,0,1,Lines,PC 17592,LinesPC 17592,1
854,855,0.0,2,"Carter, Mrs. Ernest Courtenay (Lilian Hughes)",1,44.0,1,0,244252,26.0000,0,Mrs,"(38.0, 80.0]","(21.679, 39.688]",4,3,2,0,1,Carter,244252,Carter244252,1
855,856,1.0,3,"Aks, Mrs. Sam (Leah Rosen)",1,18.0,0,1,392091,9.3500,0,Mrs,"(0.419, 20.0]","(7.854, 10.5]",0,1,2,0,1,Aks,392091,Aks392091,1
856,857,1.0,1,"Wick, Mrs. George Dennick (Mary Hitchcock)",1,45.0,1,1,36928,164.8667,0,Mrs,"(38.0, 80.0]","(39.688, 263.0]",4,4,3,0,1,Wick,36928,Wick36928,1
858,859,1.0,3,"Baclini, Mrs. Solomon (Latifa Qurban)",1,24.0,0,3,2666,19.2583,1,Mrs,"(20.0, 27.0]","(10.5, 21.679]",1,2,4,0,1,Baclini,2666,Baclini2666,1
860,861,0.0,3,"Hansen, Mr. Claus Peter",0,41.0,2,0,350026,14.1083,0,Mr,"(38.0, 80.0]","(10.5, 21.679]",4,2,3,0,0,Hansen,350026,Hansen350026,1
863,864,0.0,3,"Sage, Miss. Dorothy Edith \"Dolly\"",1,27.0,8,2,CA. 2343,69.5500,0,Mrs,"(20.0, 27.0]","(39.688, 263.0]",1,4,11,0,1,Sage,CA. 2343,SageCA. 2343,1
869,870,1.0,3,"Johnson, Master. Harold Theodor",0,4.0,1,1,347742,11.1333,0,Master,"(0.419, 20.0]","(10.5, 21.679]",0,2,3,0,2,Johnson,347742,Johnson347742,1
871,872,1.0,1,"Beckwith, Mrs. Richard Leonard (Sallie Monypeny)",1,47.0,1,1,11751,52.5542,0,Mrs,"(38.0, 80.0]","(39.688, 263.0]",4,4,3,0,1,Beckwith,11751,Beckwith11751,1
874,875,1.0,2,"Abelson, Mrs. Samuel (Hannah Wizosky)",1,28.0,1,0,P/PP 3381,24.0000,1,Mrs,"(27.0, 30.0]","(21.679, 39.688]",2,3,2,0,1,Abelson,P/PP 3381,AbelsonP/PP 3381,1
885,886,0.0,3,"Rice, Mrs. William (Margaret Norton)",1,39.0,0,5,382652,29.1250,2,Mrs,"(38.0, 80.0]","(21.679, 39.688]",4,3,6,0,1,Rice,382652,Rice382652,1
888,889,0.0,3,"Johnston, Miss. Catherine Helen \"Carrie\"",1,27.0,1,2,W./C. 6607,23.4500,0,Mrs,"(20.0, 27.0]","(21.679, 39.688]",1,3,4,0,1,Johnston,W./C. 6607,JohnstonW./C. 6607,1
4,896,,3,"Hirvonen, Mrs. Alexander (Helga E Lindqvist)",1,22.0,1,1,3101298,12.2875,0,Mrs,"(21.0, 27.0]","(10.667, 21.196]",1,2,3,0,1,Hirvonen,3101298,Hirvonen3101298,1
7,899,,2,"Caldwell, Mr. Albert Francis",0,26.0,1,1,248738,29.0000,0,Mr,"(21.0, 27.0]","(21.196, 46.34]",1,3,3,0,0,Caldwell,248738,Caldwell248738,1
9,901,,3,"Davies, Mr. John Samuel",0,21.0,2,0,A/4 48871,24.1500,0,Mr,"(0.169, 21.0]","(21.196, 46.34]",0,3,3,0,0,Davies,A/4 48871,DaviesA/4 48871,1
12,904,,1,"Snyder, Mrs. John Pillsbury (Nelle Stevenson)",1,23.0,1,0,21228,82.2667,0,Mrs,"(21.0, 27.0]","(46.34, 512.329]",1,4,2,0,1,Snyder,21228,Snyder21228,1
13,905,,2,"Howard, Mr. Benjamin",0,63.0,1,0,24065,26.0000,0,Mr,"(39.0, 76.0]","(21.196, 46.34]",4,3,2,0,0,Howard,24065,Howard24065,1
14,906,,1,"Chaffee, Mrs. Herbert Fuller (Carrie Constance Toogood)",1,47.0,1,0,W.E.P. 5734,61.1750,0,Mrs,"(39.0, 76.0]","(46.34, 512.329]",4,4,2,0,1,Chaffee,W.E.P. 5734,ChaffeeW.E.P. 5734,1
15,907,,2,"del Carlo, Mrs. Sebastiano (Argenia Genovesi)",1,24.0,1,0,SC/PARIS 2167,27.7208,1,Mrs,"(21.0, 27.0]","(21.196, 46.34]",1,3,2,0,1,Carlo,SC/PARIS 2167,CarloSC/PARIS 2167,1
20,912,,1,"Rothschild, Mr. Martin",0,55.0,1,0,PC 17603,59.4000,1,Mr,"(39.0, 76.0]","(46.34, 512.329]",4,4,2,0,0,Rothschild,PC 17603,RothschildPC 17603,1
23,915,,1,"Williams, Mr. Richard Norris II",0,21.0,0,1,PC 17597,61.3792,1,Mr,"(0.169, 21.0]","(46.34, 512.329]",0,4,2,0,0,Williams,PC 17597,WilliamsPC 17597,1
24,916,,1,"Ryerson, Mrs. Arthur Larned (Emily Maria Borie)",1,48.0,1,3,PC 17608,262.3750,1,Mrs,"(39.0, 76.0]","(46.34, 512.329]",4,4,5,0,1,Ryerson,PC 17608,RyersonPC 17608,1
25,917,,3,"Robins, Mr. Alexander A",0,50.0,1,0,A/5. 3337,14.5000,0,Mr,"(39.0, 76.0]","(10.667, 21.196]",4,2,2,0,0,Robins,A/5. 3337,RobinsA/5. 3337,1
26,918,,1,"Ostby, Miss. Helene Ragnhild",1,22.0,0,1,113509,61.9792,1,Mrs,"(21.0, 27.0]","(46.34, 512.329]",1,4,2,0,1,Ostby,113509,Ostby113509,1
29,921,,3,"Samaan, Mr. Elias",0,30.0,2,0,2662,21.6792,1,Mr,"(27.0, 30.0]","(21.196, 46.34]",2,3,3,0,0,Samaan,2662,Samaan2662,1
30,922,,2,"Louch, Mr. Charles Alexander",0,50.0,1,0,SC/AH 3085,26.0000,0,Mr,"(39.0, 76.0]","(21.196, 46.34]",4,3,2,0,0,Louch,SC/AH 3085,LouchSC/AH 3085,1
31,923,,2,"Jefferys, Mr. Clifford Thomas",0,24.0,2,0,C.A. 31029,31.5000,0,Mr,"(21.0, 27.0]","(21.196, 46.34]",1,3,3,0,0,Jefferys,C.A. 31029,JefferysC.A. 31029,1
32,924,,3,"Dean, Mrs. Bertram (Eva Georgetta Light)",1,33.0,1,2,C.A. 2315,20.5750,0,Mrs,"(30.0, 39.0]","(10.667, 21.196]",3,2,4,0,1,Dean,C.A. 2315,DeanC.A. 2315,1
33,925,,3,"Johnston, Mrs. Andrew G (Elizabeth Lily\" Watson)\"",1,27.0,1,2,W./C. 6607,23.4500,0,Mrs,"(21.0, 27.0]","(21.196, 46.34]",1,3,4,0,1,Johnston,W./C. 6607,JohnstonW./C. 6607,1
40,932,,3,"Karun, Mr. Franz",0,39.0,0,1,349256,13.4167,1,Mr,"(30.0, 39.0]","(10.667, 21.196]",3,2,2,0,0,Karun,349256,Karun349256,1
44,936,,1,"Kimball, Mrs. Edwin Nelson Jr (Gertrude Parsons)",1,45.0,1,0,11753,52.5542,0,Mrs,"(39.0, 76.0]","(46.34, 512.329]",4,4,2,0,1,Kimball,11753,Kimball11753,1
49,941,,3,"Coutts, Mrs. William (Winnie Minnie\" Treanor)\"",1,36.0,0,2,C.A. 37671,15.9000,0,Mrs,"(30.0, 39.0]","(10.667, 21.196]",3,2,3,0,1,Coutts,C.A. 37671,CouttsC.A. 37671,1
50,942,,1,"Smith, Mr. Lucien Philip",0,24.0,1,0,13695,60.0000,0,Mr,"(21.0, 27.0]","(46.34, 512.329]",1,4,2,0,0,Smith,13695,Smith13695,1
52,944,,2,"Hocking, Miss. Ellen Nellie\"\"",1,20.0,2,1,29105,23.0000,0,Mrs,"(0.169, 21.0]","(21.196, 46.34]",0,3,4,0,1,Hocking,29105,Hocking29105,1
53,945,,1,"Fortune, Miss. Ethel Flora",1,28.0,3,2,19950,263.0000,0,Mrs,"(27.0, 30.0]","(46.34, 512.329]",2,4,6,0,1,Fortune,19950,Fortune19950,1
55,947,,3,"Rice, Master. Albert",0,10.0,4,1,382652,29.1250,2,Master,"(0.169, 21.0]","(21.196, 46.34]",0,3,6,0,2,Rice,382652,Rice382652,1
58,950,,3,"Davison, Mr. Thomas Henry",0,30.0,1,0,386525,16.1000,0,Mr,"(27.0, 30.0]","(10.667, 21.196]",2,2,2,0,0,Davison,386525,Davison386525,1
64,956,,1,"Ryerson, Master. John Borie",0,13.0,2,2,PC 17608,262.3750,1,Master,"(0.169, 21.0]","(46.34, 512.329]",0,4,5,0,2,Ryerson,PC 17608,RyersonPC 17608,1
69,961,,1,"Fortune, Mrs. Mark (Mary McDougald)",1,60.0,1,4,19950,263.0000,0,Mrs,"(39.0, 76.0]","(46.34, 512.329]",4,4,6,0,1,Fortune,19950,Fortune19950,1
80,972,,3,"Boulos, Master. Akar",0,6.0,1,1,2678,15.2458,1,Master,"(0.169, 21.0]","(10.667, 21.196]",0,2,3,0,2,Boulos,2678,Boulos2678,1
81,973,,1,"Straus, Mr. Isidor",0,67.0,1,0,PC 17483,221.7792,0,Mr,"(39.0, 76.0]","(46.34, 512.329]",4,4,2,0,0,Straus,PC 17483,StrausPC 17483,1
85,977,,3,"Khalil, Mr. Betros",0,30.0,1,0,2660,14.4542,1,Mr,"(27.0, 30.0]","(10.667, 21.196]",2,2,2,0,0,Khalil,2660,Khalil2660,1
89,981,,2,"Wells, Master. Ralph Lester",0,2.0,1,1,29103,23.0000,0,Master,"(0.169, 21.0]","(21.196, 46.34]",0,3,3,0,2,Wells,29103,Wells29103,1
90,982,,3,"Dyker, Mrs. Adolf Fredrik (Anna Elisabeth Judith Andersson)",1,22.0,1,0,347072,13.9000,0,Mrs,"(21.0, 27.0]","(10.667, 21.196]",1,2,2,0,1,Dyker,347072,Dyker347072,1
92,984,,1,"Davidson, Mrs. Thornton (Orian Hays)",1,27.0,1,2,F.C. 12750,52.0000,0,Mrs,"(21.0, 27.0]","(46.34, 512.329]",1,4,4,0,1,Davidson,F.C. 12750,DavidsonF.C. 12750,1
96,988,,1,"Cavendish, Mrs. Tyrell William (Julia Florence Siegel)",1,76.0,1,0,19877,78.8500,0,Mrs,"(39.0, 76.0]","(46.34, 512.329]",4,4,2,0,1,Cavendish,19877,Cavendish19877,1
100,992,,1,"Stengel, Mrs. Charles Emil Henry (Annie May Morris)",1,43.0,1,0,11778,55.4417,1,Mrs,"(39.0, 76.0]","(46.34, 512.329]",4,4,2,0,1,Stengel,11778,Stengel11778,1
101,993,,2,"Weisz, Mr. Leopold",0,27.0,1,0,228414,26.0000,0,Mr,"(21.0, 27.0]","(21.196, 46.34]",1,3,2,0,0,Weisz,228414,Weisz228414,1
104,996,,3,"Thomas, Mrs. Alexander (Thamine Thelma\")\"",1,16.0,1,1,2625,8.5167,1,Mrs,"(0.169, 21.0]","(7.796, 10.667]",0,1,3,0,1,Thomas,2625,Thomas2625,1
114,1006,,1,"Straus, Mrs. Isidor (Rosalie Ida Blun)",1,63.0,1,0,PC 17483,221.7792,0,Mrs,"(39.0, 76.0]","(46.34, 512.329]",4,4,2,0,1,Straus,PC 17483,StrausPC 17483,1
115,1007,,3,"Chronopoulos, Mr. Demetrios",0,18.0,1,0,2680,14.4542,1,Mr,"(0.169, 21.0]","(10.667, 21.196]",0,2,2,0,0,Chronopoulos,2680,Chronopoulos2680,1
117,1009,,3,"Sandstrom, Miss. Beatrice Irene",1,1.0,1,1,PP 9549,16.7000,0,Mrs,"(0.169, 21.0]","(10.667, 21.196]",0,2,3,0,1,Sandstrom,PP 9549,SandstromPP 9549,1
119,1011,,2,"Chapman, Mrs. John Henry (Sara Elizabeth Lawry)",1,29.0,1,0,SC/AH 29037,26.0000,0,Mrs,"(27.0, 30.0]","(21.196, 46.34]",2,3,2,0,1,Chapman,SC/AH 29037,ChapmanSC/AH 29037,1
120,1012,,2,"Watt, Miss. Bertha J",1,12.0,0,0,C.A. 33595,15.7500,0,Mrs,"(0.169, 21.0]","(10.667, 21.196]",0,2,1,1,1,Watt,C.A. 33595,WattC.A. 33595,1
125,1017,,3,"Cribb, Miss. Laura Alice",1,17.0,0,1,371362,16.1000,0,Mrs,"(0.169, 21.0]","(10.667, 21.196]",0,2,2,0,1,Cribb,371362,Cribb371362,1
127,1019,,3,"McCoy, Miss. Alicia",1,27.0,2,0,367226,23.2500,2,Mrs,"(21.0, 27.0]","(21.196, 46.34]",1,3,3,0,1,McCoy,367226,McCoy367226,1
132,1024,,3,"Lefebre, Mrs. Frank (Frances)",1,27.0,0,4,4133,25.4667,0,Mrs,"(21.0, 27.0]","(21.196, 46.34]",1,3,5,0,1,Lefebre,4133,Lefebre4133,1
139,1031,,3,"Goodwin, Mr. Charles Frederick",0,40.0,1,6,CA 2144,46.9000,0,Mr,"(39.0, 76.0]","(46.34, 512.329]",4,4,8,0,0,Goodwin,CA 2144,GoodwinCA 2144,1
140,1032,,3,"Goodwin, Miss. Jessie Allis",1,10.0,5,2,CA 2144,46.9000,0,Mrs,"(0.169, 21.0]","(46.34, 512.329]",0,4,8,0,1,Goodwin,CA 2144,GoodwinCA 2144,1
142,1034,,1,"Ryerson, Mr. Arthur Larned",0,61.0,1,3,PC 17608,262.3750,1,Mr,"(39.0, 76.0]","(46.34, 512.329]",4,4,5,0,0,Ryerson,PC 17608,RyersonPC 17608,1
145,1037,,3,"Vander Planke, Mr. Julius",0,31.0,3,0,345763,18.0000,0,Mr,"(30.0, 39.0]","(10.667, 21.196]",3,2,4,0,0,Planke,345763,Planke345763,1
149,1041,,2,"Lahtinen, Rev. William",0,30.0,1,1,250651,26.0000,0,Mr,"(27.0, 30.0]","(21.196, 46.34]",2,3,3,0,0,Lahtinen,250651,Lahtinen250651,1
153,1045,,3,"Klasen, Mrs. (Hulda Kristina Eugenia Lofqvist)",1,36.0,0,2,350405,12.1833,0,Mrs,"(30.0, 39.0]","(10.667, 21.196]",3,2,3,0,1,Klasen,350405,Klasen350405,1
154,1046,,3,"Asplund, Master. Filip Oscar",0,13.0,4,2,347077,31.3875,0,Master,"(0.169, 21.0]","(21.196, 46.34]",0,3,7,0,2,Asplund,347077,Asplund347077,1
159,1051,,3,"Peacock, Mrs. Benjamin (Edith Nile)",1,26.0,0,2,SOTON/O.Q. 3101315,13.7750,0,Mrs,"(21.0, 27.0]","(10.667, 21.196]",1,2,3,0,1,Peacock,SOTON/O.Q. 3101315,PeacockSOTON/O.Q. 3101315,1
161,1053,,3,"Touma, Master. Georges Youssef",0,7.0,1,1,2650,15.2458,1,Master,"(0.169, 21.0]","(10.667, 21.196]",0,2,3,0,2,Touma,2650,Touma2650,1
165,1057,,3,"Kink-Heilmann, Mrs. Anton (Luise Heilmann)",1,26.0,1,1,315153,22.0250,0,Mrs,"(21.0, 27.0]","(21.196, 46.34]",1,3,3,0,1,Heilmann,315153,Heilmann315153,1
167,1059,,3,"Ford, Mr. Edward Watson",0,18.0,2,2,W./C. 6608,34.3750,0,Mr,"(0.169, 21.0]","(21.196, 46.34]",0,3,5,0,0,Ford,W./C. 6608,FordW./C. 6608,1
172,1064,,3,"Dyker, Mr. Adolf Fredrik",0,23.0,1,0,347072,13.9000,0,Mr,"(21.0, 27.0]","(10.667, 21.196]",1,2,2,0,0,Dyker,347072,Dyker347072,1
174,1066,,3,"Asplund, Mr. Carl Oscar Vilhelm Gustafsson",0,40.0,1,5,347077,31.3875,0,Mr,"(39.0, 76.0]","(21.196, 46.34]",4,3,7,0,0,Asplund,347077,Asplund347077,1
175,1067,,2,"Brown, Miss. Edith Eileen",1,15.0,0,2,29750,39.0000,0,Mrs,"(0.169, 21.0]","(21.196, 46.34]",0,3,3,0,1,Brown,29750,Brown29750,1
177,1069,,1,"Stengel, Mr. Charles Emil Henry",0,54.0,1,0,11778,55.4417,1,Mr,"(39.0, 76.0]","(46.34, 512.329]",4,4,2,0,0,Stengel,11778,Stengel11778,1
178,1070,,2,"Becker, Mrs. Allen Oliver (Nellie E Baumgardner)",1,36.0,0,3,230136,39.0000,0,Mrs,"(30.0, 39.0]","(21.196, 46.34]",3,3,4,0,1,Becker,230136,Becker230136,1
179,1071,,1,"Compton, Mrs. Alexander Taylor (Mary Eliza Ingersoll)",1,64.0,0,2,PC 17756,83.1583,1,Mrs,"(39.0, 76.0]","(46.34, 512.329]",4,4,3,0,1,Compton,PC 17756,ComptonPC 17756,1
181,1073,,1,"Compton, Mr. Alexander Taylor Jr",0,37.0,1,1,PC 17756,83.1583,1,Mr,"(30.0, 39.0]","(46.34, 512.329]",3,4,3,0,0,Compton,PC 17756,ComptonPC 17756,1
182,1074,,1,"Marvin, Mrs. Daniel Warner (Mary Graham Carmichael Farquarson)",1,18.0,1,0,113773,53.1000,0,Mrs,"(0.169, 21.0]","(46.34, 512.329]",0,4,2,0,1,Marvin,113773,Marvin113773,1
186,1078,,2,"Phillips, Miss. Alice Frances Louisa",1,21.00,0,1,S.O./P.P. 2,21.0000,0,Mrs,"(0.169, 21.0]","(10.667, 21.196]",0,2,2,0,1,Phillips,S.O./P.P. 2,PhillipsS.O./P.P. 2,1
188,1080,,3,"Sage, Miss. Ada",1,27.00,8,2,CA. 2343,69.5500,0,Mrs,"(21.0, 27.0]","(46.34, 512.329]",1,4,11,0,1,Sage,CA. 2343,SageCA. 2343,1
190,1082,,2,"Angle, Mr. William A",0,34.00,1,0,226875,26.0000,0,Mr,"(30.0, 39.0]","(21.196, 46.34]",3,3,2,0,0,Angle,226875,Angle226875,1
192,1084,,3,"van Billiard, Master. Walter John",0,11.50,1,1,A/5. 851,14.5000,0,Master,"(0.169, 21.0]","(10.667, 21.196]",0,2,3,0,2,Billiard,A/5. 851,BilliardA/5. 851,1
194,1086,,2,"Drew, Master. Marshall Brines",0,8.00,0,2,28220,32.5000,0,Master,"(0.169, 21.0]","(21.196, 46.34]",0,3,3,0,2,Drew,28220,Drew28220,1
196,1088,,1,"Spedden, Master. Robert Douglas",0,6.00,0,2,16966,134.5000,1,Master,"(0.169, 21.0]","(46.34, 512.329]",0,4,3,0,2,Spedden,16966,Spedden16966,1
201,1093,,3,"Danbom, Master. Gilbert Sigvard Emanuel",0,0.33,0,2,347080,14.4000,0,Master,"(0.169, 21.0]","(10.667, 21.196]",0,2,3,0,2,Danbom,347080,Danbom347080,1
202,1094,,1,"Astor, Col. John Jacob",0,47.00,1,0,PC 17757,227.5250,1,Others,"(39.0, 76.0]","(46.34, 512.329]",4,4,2,0,3,Astor,PC 17757,AstorPC 17757,1
203,1095,,2,"Quick, Miss. Winifred Vera",1,8.00,1,1,26360,26.0000,0,Mrs,"(0.169, 21.0]","(21.196, 46.34]",0,3,3,0,1,Quick,26360,Quick26360,1
213,1105,,2,"Howard, Mrs. Benjamin (Ellen Truelove Arman)",1,60.00,1,0,24065,26.0000,0,Mrs,"(39.0, 76.0]","(21.196, 46.34]",4,3,2,0,1,Howard,24065,Howard24065,1
217,1109,,1,"Wick, Mr. George Dennick",0,57.00,1,1,36928,164.8667,0,Mr,"(39.0, 76.0]","(46.34, 512.329]",4,4,3,0,0,Wick,36928,Wick36928,1
218,1110,,1,"Widener, Mrs. George Dunton (Eleanor Elkins)",1,50.00,1,1,113503,211.5000,1,Mrs,"(39.0, 76.0]","(46.34, 512.329]",4,4,3,0,1,Widener,113503,Widener113503,1
225,1117,,3,"Moubarek, Mrs. George (Omine Amenia\" Alexander)\"",1,27.00,0,2,2661,15.2458,1,Mrs,"(21.0, 27.0]","(10.667, 21.196]",1,2,3,0,1,Moubarek,2661,Moubarek2661,1
234,1126,,1,"Cumings, Mr. John Bradley",0,39.00,1,0,PC 17599,71.2833,1,Mr,"(30.0, 39.0]","(46.34, 512.329]",3,4,2,0,0,Cumings,PC 17599,CumingsPC 17599,1
236,1128,,1,"Warren, Mr. Frank Manley",0,64.00,1,0,110813,75.2500,1,Mr,"(39.0, 76.0]","(46.34, 512.329]",4,4,2,0,0,Warren,110813,Warren110813,1
239,1131,,1,"Douglas, Mrs. Walter Donald (Mahala Dutton)",1,48.00,1,0,PC 17761,106.4250,1,Mrs,"(39.0, 76.0]","(46.34, 512.329]",4,4,2,0,1,Douglas,PC 17761,DouglasPC 17761,1
241,1133,,2,"Christy, Mrs. (Alice Frances)",1,45.00,0,2,237789,30.0000,0,Mrs,"(39.0, 76.0]","(21.196, 46.34]",4,3,3,0,1,Christy,237789,Christy237789,1
242,1134,,1,"Spedden, Mr. Frederic Oakley",0,45.00,1,1,16966,134.5000,1,Mr,"(39.0, 76.0]","(46.34, 512.329]",4,4,3,0,0,Spedden,16966,Spedden16966,1
244,1136,,3,"Johnston, Master. William Arthur Willie\"\"",0,3.50,1,2,W./C. 6607,23.4500,0,Master,"(0.169, 21.0]","(21.196, 46.34]",0,3,4,0,2,Johnston,W./C. 6607,JohnstonW./C. 6607,1
245,1137,,1,"Kenyon, Mr. Frederick R",0,41.00,1,0,17464,51.8625,0,Mr,"(39.0, 76.0]","(46.34, 512.329]",4,4,2,0,0,Kenyon,17464,Kenyon17464,1
247,1139,,2,"Drew, Mr. James Vivian",0,42.00,1,1,28220,32.5000,0,Mr,"(39.0, 76.0]","(21.196, 46.34]",4,3,3,0,0,Drew,28220,Drew28220,1
248,1140,,2,"Hold, Mrs. Stephen (Annie Margaret Hill)",1,29.00,1,0,26707,26.0000,0,Mrs,"(27.0, 30.0]","(21.196, 46.34]",2,3,2,0,1,Hold,26707,Hold26707,1
249,1141,,3,"Khalil, Mrs. Betros (Zahie Maria\" Elias)\"",1,27.00,1,0,2660,14.4542,1,Mrs,"(21.0, 27.0]","(10.667, 21.196]",1,2,2,0,1,Khalil,2660,Khalil2660,1
250,1142,,2,"West, Miss. Barbara J",1,0.92,1,2,C.A. 34651,27.7500,0,Mrs,"(0.169, 21.0]","(21.196, 46.34]",0,3,4,0,1,West,C.A. 34651,WestC.A. 34651,1
252,1144,,1,"Clark, Mr. Walter Miller",0,27.00,1,0,13508,136.7792,1,Mr,"(21.0, 27.0]","(46.34, 512.329]",1,4,2,0,0,Clark,13508,Clark13508,1
260,1152,,3,"de Messemaeker, Mr. Guillaume Joseph",0,36.50,1,0,345572,17.4000,0,Mr,"(30.0, 39.0]","(10.667, 21.196]",3,2,2,0,0,Messemaeker,345572,Messemaeker345572,1
262,1154,,2,"Wells, Mrs. Arthur Henry (Addie\" Dart Trevaskis)\"",1,29.00,0,2,29103,23.0000,0,Mrs,"(27.0, 30.0]","(21.196, 46.34]",2,3,3,0,1,Wells,29103,Wells29103,1
263,1155,,3,"Klasen, Miss. Gertrud Emilia",1,1.00,1,1,350405,12.1833,0,Mrs,"(0.169, 21.0]","(10.667, 21.196]",0,2,3,0,1,Klasen,350405,Klasen350405,1
272,1164,,1,"Clark, Mrs. Walter Miller (Virginia McDowell)",1,26.00,1,0,13508,136.7792,1,Mrs,"(21.0, 27.0]","(46.34, 512.329]",1,4,2,0,1,Clark,13508,Clark13508,1
273,1165,,3,"Lennon, Miss. Mary",1,27.00,1,0,370371,15.5000,2,Mrs,"(21.0, 27.0]","(10.667, 21.196]",1,2,2,0,1,Lennon,370371,Lennon370371,1
275,1167,,2,"Bryhl, Miss. Dagmar Jenny Ingeborg",1,20.00,1,0,236853,26.0000,0,Mrs,"(0.169, 21.0]","(21.196, 46.34]",0,3,2,0,1,Bryhl,236853,Bryhl236853,1
277,1169,,2,"Faunthorpe, Mr. Harry",0,40.00,1,0,2926,26.0000,0,Mr,"(39.0, 76.0]","(21.196, 46.34]",4,3,2,0,0,Faunthorpe,2926,Faunthorpe2926,1
278,1170,,2,"Ware, Mr. John James",0,30.00,1,0,CA 31352,21.0000,0,Mr,"(27.0, 30.0]","(10.667, 21.196]",2,2,2,0,0,Ware,CA 31352,WareCA 31352,1
281,1173,,3,"Peacock, Master. Alfred Edward",0,0.75,1,1,SOTON/O.Q. 3101315,13.7750,0,Master,"(0.169, 21.0]","(10.667, 21.196]",0,2,3,0,2,Peacock,SOTON/O.Q. 3101315,PeacockSOTON/O.Q. 3101315,1
283,1175,,3,"Touma, Miss. Maria Youssef",1,9.00,1,1,2650,15.2458,1,Mrs,"(0.169, 21.0]","(10.667, 21.196]",0,2,3,0,1,Touma,2650,Touma2650,1
284,1176,,3,"Rosblom, Miss. Salli Helena",1,2.00,1,1,370129,20.2125,0,Mrs,"(0.169, 21.0]","(10.667, 21.196]",0,2,3,0,1,Rosblom,370129,Rosblom370129,1
287,1179,,1,"Snyder, Mr. John Pillsbury",0,24.00,1,0,21228,82.2667,0,Mr,"(21.0, 27.0]","(46.34, 512.329]",1,4,2,0,0,Snyder,21228,Snyder21228,1
293,1185,,1,"Dodge, Dr. Washington",0,53.00,1,1,33638,81.8583,0,Others,"(39.0, 76.0]","(46.34, 512.329]",4,4,3,0,3,Dodge,33638,Dodge33638,1
296,1188,,2,"Laroche, Miss. Louise",1,1.00,1,2,SC/Paris 2123,41.5792,1,Mrs,"(0.169, 21.0]","(21.196, 46.34]",0,3,4,0,1,Laroche,SC/Paris 2123,LarocheSC/Paris 2123,1
297,1189,,3,"Samaan, Mr. Hanna",0,30.00,2,0,2662,21.6792,1,Mr,"(27.0, 30.0]","(21.196, 46.34]",2,3,3,0,0,Samaan,2662,Samaan2662,1
302,1194,,2,"Phillips, Mr. Escott Robert",0,43.00,0,1,S.O./P.P. 2,21.0000,0,Mr,"(39.0, 76.0]","(10.667, 21.196]",4,2,2,0,0,Phillips,S.O./P.P. 2,PhillipsS.O./P.P. 2,1
306,1198,,1,"Allison, Mr. Hudson Joshua Creighton",0,30.00,1,2,113781,151.5500,0,Mr,"(27.0, 30.0]","(46.34, 512.329]",2,4,4,0,0,Allison,113781,Allison113781,1
307,1199,,3,"Aks, Master. Philip Frank",0,0.83,0,1,392091,9.3500,0,Master,"(0.169, 21.0]","(7.796, 10.667]",0,1,2,0,2,Aks,392091,Aks392091,1
308,1200,,1,"Hays, Mr. Charles Melville",0,55.00,1,1,12749,93.5000,0,Mr,"(39.0, 76.0]","(46.34, 512.329]",4,4,3,0,0,Hays,12749,Hays12749,1
309,1201,,3,"Hansen, Mrs. Claus Peter (Jennie L Howard)",1,45.00,1,0,350026,14.1083,0,Mrs,"(39.0, 76.0]","(10.667, 21.196]",4,2,2,0,1,Hansen,350026,Hansen350026,1
316,1208,,1,"Spencer, Mr. William Augustus",0,57.00,1,0,PC 17569,146.5208,1,Mr,"(39.0, 76.0]","(46.34, 512.329]",4,4,2,0,0,Spencer,PC 17569,SpencerPC 17569,1
319,1211,,2,"Jefferys, Mr. Ernest Wilfred",0,22.00,2,0,C.A. 31029,31.5000,0,Mr,"(21.0, 27.0]","(21.196, 46.34]",1,3,3,0,0,Jefferys,C.A. 31029,JefferysC.A. 31029,1
326,1218,,2,"Becker, Miss. Ruth Elizabeth",1,12.00,2,1,230136,39.0000,0,Mrs,"(0.169, 21.0]","(21.196, 46.34]",0,3,4,0,1,Becker,230136,Becker230136,1
328,1220,,2,"Clarke, Mr. Charles Valentine",0,29.00,1,0,2003,26.0000,0,Mr,"(27.0, 30.0]","(21.196, 46.34]",2,3,2,0,0,Clarke,2003,Clarke2003,1
330,1222,,2,"Davies, Mrs. John Morgan (Elizabeth Agnes Mary White)",1,48.00,0,2,C.A. 33112,36.7500,0,Mrs,"(39.0, 76.0]","(21.196, 46.34]",4,3,3,0,1,Davies,C.A. 33112,DaviesC.A. 33112,1
333,1225,,3,"Nakid, Mrs. Said (Waika Mary\" Mowad)\"",1,19.00,1,1,2653,15.7417,1,Mrs,"(0.169, 21.0]","(10.667, 21.196]",0,2,3,0,1,Nakid,2653,Nakid2653,1
342,1234,,3,"Sage, Mr. John George",0,30.00,1,9,CA. 2343,69.5500,0,Mr,"(27.0, 30.0]","(46.34, 512.329]",2,4,11,0,0,Sage,CA. 2343,SageCA. 2343,1
343,1235,,1,"Cardeza, Mrs. James Warburton Martinez (Charlotte Wardle Drake)",1,58.00,0,1,PC 17755,512.3292,1,Mrs,"(39.0, 76.0]","(46.34, 512.329]",4,4,2,0,1,Cardeza,PC 17755,CardezaPC 17755,1
344,1236,,3,"van Billiard, Master. James William",0,3.50,1,1,A/5. 851,14.5000,0,Master,"(0.169, 21.0]","(10.667, 21.196]",0,2,3,0,2,Billiard,A/5. 851,BilliardA/5. 851,1
350,1242,,1,"Greenfield, Mrs. Leo David (Blanche Strouse)",1,45.00,0,1,PC 17759,63.3583,1,Mrs,"(39.0, 76.0]","(46.34, 512.329]",4,4,2,0,1,Greenfield,PC 17759,GreenfieldPC 17759,1
353,1245,,2,"Herman, Mr. Samuel",0,49.00,1,2,220845,65.0000,0,Mr,"(39.0, 76.0]","(46.34, 512.329]",4,4,4,0,0,Herman,220845,Herman220845,1
354,1246,,3,"Dean, Miss. Elizabeth Gladys Millvina\"\"",1,0.17,1,2,C.A. 2315,20.5750,0,Mrs,"(0.169, 21.0]","(10.667, 21.196]",0,2,4,0,1,Dean,C.A. 2315,DeanC.A. 2315,1
359,1251,,3,"Lindell, Mrs. Edvard Bengtsson (Elin Gerda Persson)",1,30.00,1,0,349910,15.5500,0,Mrs,"(27.0, 30.0]","(10.667, 21.196]",2,2,2,0,1,Lindell,349910,Lindell349910,1
360,1252,,3,"Sage, Master. William Henry",0,14.50,8,2,CA. 2343,69.5500,0,Master,"(0.169, 21.0]","(46.34, 512.329]",0,4,11,0,2,Sage,CA. 2343,SageCA. 2343,1
361,1253,,2,"Mallet, Mrs. Albert (Antoinette Magnin)",1,24.00,1,1,S.C./PARIS 2079,37.0042,1,Mrs,"(21.0, 27.0]","(21.196, 46.34]",1,3,3,0,1,Mallet,S.C./PARIS 2079,MalletS.C./PARIS 2079,1
362,1254,,2,"Ware, Mrs. John James (Florence Louise Long)",1,31.0,0,0,CA 31352,21.0000,0,Mrs,"(30.0, 39.0]","(10.667, 21.196]",3,2,1,1,1,Ware,CA 31352,WareCA 31352,1
364,1256,,1,"Harder, Mrs. George Achilles (Dorothy Annan)",1,25.0,1,0,11765,55.4417,1,Mrs,"(21.0, 27.0]","(46.34, 512.329]",1,4,2,0,1,Harder,11765,Harder11765,1
365,1257,,3,"Sage, Mrs. John (Annie Bullen)",1,27.0,1,9,CA. 2343,69.5500,0,Mrs,"(21.0, 27.0]","(46.34, 512.329]",1,4,11,0,1,Sage,CA. 2343,SageCA. 2343,1
366,1258,,3,"Caram, Mr. Joseph",0,30.0,1,0,2689,14.4583,1,Mr,"(27.0, 30.0]","(10.667, 21.196]",2,2,2,0,0,Caram,2689,Caram2689,1
368,1260,,1,"Gibson, Mrs. Leonard (Pauline C Boeson)",1,45.0,0,1,112378,59.4000,1,Mrs,"(39.0, 76.0]","(46.34, 512.329]",4,4,2,0,1,Gibson,112378,Gibson112378,1
374,1266,,1,"Dodge, Mrs. Washington (Ruth Vidaver)",1,54.0,1,1,33638,81.8583,0,Mrs,"(39.0, 76.0]","(46.34, 512.329]",4,4,3,0,1,Dodge,33638,Dodge33638,1
379,1271,,3,"Asplund, Master. Carl Edgar",0,5.0,4,2,347077,31.3875,0,Master,"(0.169, 21.0]","(21.196, 46.34]",0,3,7,0,2,Asplund,347077,Asplund347077,1
382,1274,,3,"Risien, Mrs. Samuel (Emma)",1,27.0,0,0,364498,14.5000,0,Mrs,"(21.0, 27.0]","(10.667, 21.196]",1,2,1,1,1,Risien,364498,Risien364498,1
383,1275,,3,"McNamee, Mrs. Neal (Eileen O'Leary)",1,19.0,1,0,376566,16.1000,0,Mrs,"(0.169, 21.0]","(10.667, 21.196]",0,2,2,0,1,McNamee,376566,McNamee376566,1
385,1277,,2,"Herman, Miss. Kate",1,24.0,1,2,220845,65.0000,0,Mrs,"(21.0, 27.0]","(46.34, 512.329]",1,4,4,0,1,Herman,220845,Herman220845,1
389,1281,,3,"Palsson, Master. Paul Folke",0,6.0,3,1,349909,21.0750,0,Master,"(0.169, 21.0]","(10.667, 21.196]",0,2,5,0,2,Palsson,349909,Palsson349909,1
391,1283,,1,"Lines, Mrs. Ernest H (Elizabeth Lindsey James)",1,51.0,0,1,PC 17592,39.4000,0,Mrs,"(39.0, 76.0]","(21.196, 46.34]",4,3,2,0,1,Lines,PC 17592,LinesPC 17592,1
392,1284,,3,"Abbott, Master. Eugene Joseph",0,13.0,0,2,C.A. 2673,20.2500,0,Master,"(0.169, 21.0]","(10.667, 21.196]",0,2,3,0,2,Abbott,C.A. 2673,AbbottC.A. 2673,1
394,1286,,3,"Kink-Heilmann, Mr. Anton",0,29.0,3,1,315153,22.0250,0,Mr,"(27.0, 30.0]","(21.196, 46.34]",2,3,5,0,0,Heilmann,315153,Heilmann315153,1
395,1287,,1,"Smith, Mrs. Lucien Philip (Mary Eloise Hughes)",1,18.0,1,0,13695,60.0000,0,Mrs,"(0.169, 21.0]","(46.34, 512.329]",0,4,2,0,1,Smith,13695,Smith13695,1
397,1289,,1,"Frolicher-Stehli, Mrs. Maxmillian (Margaretha Emerentia Stehli)",1,48.0,1,1,13567,79.2000,1,Mrs,"(39.0, 76.0]","(46.34, 512.329]",4,4,3,0,1,Stehli,13567,Stehli13567,1
401,1293,,2,"Gale, Mr. Harry",0,38.0,1,0,28664,21.0000,0,Mr,"(30.0, 39.0]","(10.667, 21.196]",3,2,2,0,0,Gale,28664,Gale28664,1
402,1294,,1,"Gibson, Miss. Dorothy Winifred",1,22.0,0,1,112378,59.4000,1,Mrs,"(21.0, 27.0]","(46.34, 512.329]",1,4,2,0,1,Gibson,112378,Gibson112378,1
403,1295,,1,"Carrau, Mr. Jose Pedro",0,17.0,0,0,113059,47.1000,0,Mr,"(0.169, 21.0]","(46.34, 512.329]",0,4,1,1,0,Carrau,113059,Carrau113059,1
407,1299,,1,"Widener, Mr. George Dunton",0,50.0,1,1,113503,211.5000,1,Mr,"(39.0, 76.0]","(46.34, 512.329]",4,4,3,0,0,Widener,113503,Widener113503,1
409,1301,,3,"Peacock, Miss. Treasteall",1,3.0,1,1,SOTON/O.Q. 3101315,13.7750,0,Mrs,"(0.169, 21.0]","(10.667, 21.196]",0,2,3,0,1,Peacock,SOTON/O.Q. 3101315,PeacockSOTON/O.Q. 3101315,1
411,1303,,1,"Minahan, Mrs. William Edward (Lillian E Thorpe)",1,37.0,1,0,19928,90.0000,2,Mrs,"(30.0, 39.0]","(46.34, 512.329]",3,4,2,0,1,Minahan,19928,Minahan19928,1
417,1309,,3,"Peter, Master. Michael J",0,3.5,1,1,2668,22.3583,1,Master,"(0.169, 21.0]","(21.196, 46.34]",0,3,3,0,2,Peter,2668,Peter2668,1
